index,AGE,GENDER,EDU_LEVEL,MARITAL_STATUS,EMPLOYMENT,PER_ANN_INC,FLAG_HAVE_SMARTPHONE,SMARTPHONE_BUY_YEAR,CURR_SMARTPHONE,SMARTPHONE_BUDGET,FLAG_WATCH_SPORTS,FLAG_PLAY_GAMES,AVG_DAILY_SCREEN_TIME,AVG_SLEEP_TIME,AVG_DAILY_MOBILE_CHECKS,AVG_DURATION_BTW_CHECKS,SMARTPHONE_CHECK_BEFORE_SLEEP,LOW_LIGHT_USE,NOMOPHOBIA_SCORE,NOMOPHOBIA_CAT,CURR_SS_APPS_1,CURR_SS_APPS_2,CURR_SS_APPS_3,CURR_SS_APPS_4,CURR_SS_APPS_5,CURR_SS_APPS_6,CURR_SS_APPS_7,CURR_SS_APPS_8,CURR_SS_APPS_9,CURR_SS_APPS_10,CURR_SS_APPS_11,CURR_SS_APPS_12
0,23,Male,Master's Degree,Single,Part-time / Internship,Less than 2.5 lakhs,Yes,2016,Redmi,"₹15,000",Yes,Yes,3,Less than 8 Hours,25 or below,In every 20 minutes,Yes,Yes,59,Absence,Facebook,WhatsApp,YouTube,Instagram,Telegram,LinkedIn,,,,,,
1,21,Male,Bachelor's Degree,Single,Part-time / Internship,5 lakhs - 10 lakhs,Yes,2019,Redmi,"₹15,000",No,Yes,6,Less than 8 Hours,51 - 75,In every 20 minutes,Yes,Yes,91,Severe,WhatsApp,YouTube,Instagram,Telegram,LinkedIn,Quora,,,,,,
2,21,Female,Bachelor's Degree,Single,Part-time / Internship,Less than 2.5 lakhs,Yes,2018,Vivo,"₹15,000",Yes,Yes,6,Less than 6 Hours,26 - 50,Other,Yes,No,73,Severe,Facebook,WhatsApp,YouTube,Instagram,Snapchat,Telegram,Pinterest,LinkedIn,,,,
3,23,Female,Master's Degree,Single,Part-time / Internship,Less than 2.5 lakhs,Yes,2018,Samsung,"₹15,000",No,No,2,Less than 8 Hours,25 or below,In every 20 minutes,Yes,No,115,Severe,Facebook,WhatsApp,YouTube,Instagram,Snapchat,Telegram,Pinterest,LinkedIn,,,,
4,23,Female,Bachelor's Degree,Single,Student,Less than 2.5 lakhs,Yes,2018,Samsung,"₹15,000",No,No,5,Less than 10 Hours,25 or below,Every Hour,Yes,Yes,68,Severe,Facebook,WhatsApp,YouTube,Instagram,Snapchat,Telegram,LinkedIn,Quora,Discord,,,
5,22,Male,Master's Degree,Single,Student,Less than 2.5 lakhs,Yes,2016,Redmi,"₹15,000",Yes,Yes,5,Less than 8 Hours,51 - 75,In every 10 minutes,Yes,Yes,101,Severe,WhatsApp,YouTube,Instagram,Telegram,Pinterest,LinkedIn,Discord,,,,,
6,22,Male,Bachelor's Degree,Single,Part-time / Internship,Less than 2.5 lakhs,Yes,2018,Realme,"₹15,000",Yes,Yes,5,Less than 8 Hours,26 - 50,In every 10 minutes,Yes,Yes,103,Severe,Facebook,WhatsApp,YouTube,Instagram,Telegram,Pinterest,Reddit,LinkedIn,Quora,Discord,,
7,23,Female,Master's Degree,Single,Part-time / Internship,Less than 2.5 lakhs,Yes,2018,Redmi,"₹10,000",No,No,3,Less than 10 Hours,25 or below,Every Hour,Yes,Yes,42,Absence,Facebook,WhatsApp,YouTube,Instagram,Telegram,LinkedIn,,,,,,
8,21,Male,Bachelor's Degree,Single,Student,Less than 2.5 lakhs,Yes,2020,Realme,"₹15,000",Yes,Yes,1,Less than 8 Hours,25 or below,Every Hour,Yes,Yes,47,Absence,WhatsApp,YouTube,Telegram,LinkedIn,,,,,,,,
9,22,Female,Bachelor's Degree,Single,Student,Less than 2.5 lakhs,Yes,2019,Redmi,"₹10,000",No,Yes,3,Less than 8 Hours,25 or below,In every 20 minutes,Yes,Yes,114,Severe,WhatsApp,YouTube,Instagram,Telegram,LinkedIn,,,,,,,
10,22,Male,Master's Degree,Single,Student,Above 10 Lakhs,Yes,Before 2013,Oppo,"₹20,000",Yes,Yes,2,Less than 8 Hours,51 - 75,In every 30 minutes,Yes,Yes,87,Severe,Facebook,WhatsApp,YouTube,Instagram,Snapchat,Telegram,LinkedIn,Quora,,,,
11,20,Male,Below 12th,Single,Part-time / Internship,Less than 2.5 lakhs,Yes,2015,Samsung,"Above ₹20,000",Yes,Yes,5,Less than 6 Hours,26 - 50,In every 30 minutes,Yes,Yes,107,Severe,Facebook,WhatsApp,YouTube,Instagram,Snapchat,Telegram,Pinterest,Reddit,LinkedIn,Quora,Discord,
12,23,Male,Master's Degree,Single,Part-time / Internship,2.5 lakhs - 5 lakhs,Yes,2016,Other,"Above ₹20,000",Yes,No,6,Less than 8 Hours,101 or above,In every 30 minutes,Yes,Yes,69,Severe,WhatsApp,YouTube,Instagram,Telegram,,,,,,,,
13,22,Male,Bachelor's Degree,Single,Full-time employment,2.5 lakhs - 5 lakhs,Yes,2016,Oppo,"₹15,000",Yes,No,4,Less than 8 Hours,101 or above,In every 5 minutes,Yes,Yes,70,Severe,Facebook,WhatsApp,YouTube,Instagram,Telegram,LinkedIn,,,,,,
14,19,Male,Bachelor's Degree,Single,Student,Less than 2.5 lakhs,Yes,2019,Xiaomi,"₹10,000",Yes,Yes,3,Less than 8 Hours,25 or below,In every 30 minutes,Yes,Yes,96,Severe,WhatsApp,YouTube,Instagram,Telegram,LinkedIn,Quora,,,,,,
15,18,Male,Bachelor's Degree,Single,Student,Less than 2.5 lakhs,Yes,2019,Oppo,"₹15,000",Yes,No,12,Less than 8 Hours,76 - 100,In every 20 minutes,Yes,Yes,77,Severe,Facebook,WhatsApp,YouTube,Instagram,Snapchat,Telegram,,,,,,
16,22,Female,Master's Degree,Single,Student,Less than 2.5 lakhs,Yes,2018,Realme,"₹15,000",No,Yes,4,Less than 6 Hours,25 or below,In every 30 minutes,Yes,Yes,21,Absence,WhatsApp,YouTube,Instagram,Snapchat,Telegram,LinkedIn,Quora,,,,,
17,23,Male,Bachelor's Degree,Single,Student,Less than 2.5 lakhs,Yes,2021,Realme,"₹15,000",Yes,Yes,5,Less than 8 Hours,25 or below,In every 20 minutes,Yes,Yes,100,Severe,Facebook,WhatsApp,YouTube,Instagram,Snapchat,Telegram,LinkedIn,,,,,
18,21,Male,Bachelor's Degree,Single,Student,Less than 2.5 lakhs,Yes,2019,Redmi,"₹12,000",No,Yes,4,Less than 6 Hours,51 - 75,In every 10 minutes,Yes,Yes,100,Severe,WhatsApp,YouTube,Instagram,LinkedIn,,,,,,,,
19,22,Male,Below 12th,Single,Part-time / Internship,Less than 2.5 lakhs,Yes,2020,Xiaomi,"Above ₹20,000",Yes,Yes,1,Less than 6 Hours,25 or below,In every 5 minutes,No,Yes,39,Absence,Facebook,WhatsApp,YouTube,Instagram,Telegram,Twitch,,,,,,
20,22,Female,Bachelor's Degree,Single,Student,Less than 2.5 lakhs,Yes,2018,Redmi,"₹10,000",No,No,3,Less than 6 Hours,25 or below,Other,Yes,Yes,83,Severe,WhatsApp,YouTube,Snapchat,LinkedIn,,,,,,,,
21,23,Female,Bachelor's Degree,Single,Student,Less than 2.5 lakhs,Yes,2017,Poco,"₹15,000",No,No,10,Less than 8 Hours,26 - 50,Every Hour,Yes,Yes,108,Severe,WhatsApp,YouTube,Instagram,Snapchat,Telegram,,,,,,,
22,23,Male,Master's Degree,Single,Full-time employment,5 lakhs - 10 lakhs,Yes,2016,Realme,"₹20,000",Yes,Yes,10,Less than 10 Hours,76 - 100,In every 10 minutes,Yes,Yes,92,Severe,Facebook,WhatsApp,YouTube,Instagram,Snapchat,Telegram,LinkedIn,Discord,,,,
23,23,Female,Bachelor's Degree,Single,Student,Less than 2.5 lakhs,Yes,2018,Redmi,"Above ₹20,000",No,Yes,1,Less than 8 Hours,25 or below,Every Hour,No,Yes,50,Absence,WhatsApp,YouTube,Instagram,Snapchat,Telegram,,,,,,,
24,23,Female,Bachelor's Degree,Single,Student,Less than 2.5 lakhs,Yes,2016,OnePlus,"Above ₹20,000",No,No,5,Less than 8 Hours,26 - 50,In every 20 minutes,Yes,Yes,90,Severe,WhatsApp,YouTube,Instagram,Telegram,Pinterest,Reddit,LinkedIn,,,,,
25,21,Male,Master's Degree,Single,Full-time employment,5 lakhs - 10 lakhs,Yes,2017,Apple,"Above ₹20,000",Yes,Yes,4,Less than 10 Hours,51 - 75,In every 5 minutes,Yes,Yes,117,Severe,Facebook,WhatsApp,YouTube,Instagram,Snapchat,Telegram,LinkedIn,Quora,,,,
26,23,Male,Bachelor's Degree,Single,Full-time employment,Less than 2.5 lakhs,Yes,2016,Samsung,₹8000,Yes,Yes,2,More than 10 Hours,26 - 50,In every 10 minutes,Yes,Yes,96,Severe,WhatsApp,YouTube,LinkedIn,,,,,,,,,
27,21,Female,Bachelor's Degree,Single,Full-time employment,Less than 2.5 lakhs,Yes,2018,Redmi,"Above ₹20,000",No,Yes,2,Less than 10 Hours,25 or below,Every Hour,Yes,Yes,117,Severe,Facebook,WhatsApp,YouTube,Instagram,Snapchat,,,,,,,
28,23,Female,Bachelor's Degree,Single,Part-time / Internship,Less than 2.5 lakhs,Yes,2015,Vivo,"₹20,000",Yes,No,4,Less than 8 Hours,26 - 50,In every 30 minutes,Yes,Yes,83,Severe,Facebook,WhatsApp,YouTube,Instagram,Snapchat,Telegram,LinkedIn,,,,,
29,18,Male,Bachelor's Degree,Single,Student,Less than 2.5 lakhs,Yes,2021,OnePlus,"₹15,000",No,Yes,5,Less than 8 Hours,26 - 50,In every 20 minutes,Yes,Yes,140,Severe,Facebook,WhatsApp,YouTube,Instagram,Snapchat,Telegram,LinkedIn,Discord,,,,
30,20,Female,Bachelor's Degree,Single,Student,Less than 2.5 lakhs,Yes,2020,Oppo,"₹15,000",Yes,Yes,3,Less than 8 Hours,51 - 75,In every 30 minutes,Yes,Yes,122,Severe,Facebook,WhatsApp,YouTube,Instagram,Snapchat,Telegram,Pinterest,LinkedIn,,,,
31,22,Female,Bachelor's Degree,Single,Full-time employment,Less than 2.5 lakhs,Yes,After 2022,Xiaomi,"₹15,000",Yes,No,12,Less than 10 Hours,51 - 75,In every 20 minutes,Yes,Yes,120,Severe,Facebook,WhatsApp,YouTube,Instagram,,,,,,,,
32,19,Female,Below 12th,Single,Student,Less than 2.5 lakhs,Yes,2019,Oppo,"₹20,000",Yes,Yes,3,Less than 8 Hours,26 - 50,Every Hour,Yes,Yes,65,Severe,WhatsApp,YouTube,Instagram,Snapchat,Telegram,Pinterest,LinkedIn,Discord,,,,
33,27,Male,Bachelor's Degree,Single,Full-time employment,Less than 2.5 lakhs,Yes,2014,Samsung,"₹20,000",No,Yes,3,Less than 8 Hours,26 - 50,In every 10 minutes,Yes,No,45,Absence,WhatsApp,YouTube,Pinterest,,,,,,,,,
34,28,Female,Master's Degree,Single,Full-time employment,Less than 2.5 lakhs,Yes,Before 2013,Xiaomi,"₹10,000",No,No,5,Less than 8 Hours,26 - 50,In every 20 minutes,Yes,Yes,120,Severe,Facebook,WhatsApp,YouTube,Instagram,Snapchat,Telegram,Pinterest,,,,,
35,23,Male,Bachelor's Degree,Single,Full-time employment,2.5 lakhs - 5 lakhs,Yes,2014,Other,"₹15,000",Yes,Yes,1,Less than 6 Hours,25 or below,Every Hour,Yes,Yes,50,Absence,YouTube,,,,,,,,,,,
36,22,Male,Bachelor's Degree,Single,Student,Less than 2.5 lakhs,Yes,2017,Realme,"₹15,000",No,No,5,Less than 6 Hours,26 - 50,In every 30 minutes,Yes,Yes,86,Severe,WhatsApp,,,,,,,,,,,
37,20,Male,Bachelor's Degree,Single,Student,Less than 2.5 lakhs,Yes,2016,Other,"₹12,000",Yes,No,3,Less than 6 Hours,25 or below,In every 30 minutes,Yes,Yes,122,Severe,Instagram,,,,,,,,,,,
38,23,Female,Bachelor's Degree,Single,Student,Less than 2.5 lakhs,Yes,2016,Xiaomi,"₹10,000",Yes,Yes,7,Less than 8 Hours,26 - 50,In every 20 minutes,Yes,Yes,112,Severe,WhatsApp,YouTube,Instagram,Telegram,LinkedIn,,,,,,,
39,30,Male,Master's Degree,Single,Full-time employment,2.5 lakhs - 5 lakhs,Yes,2014,Samsung,"₹10,000",Yes,Yes,2,Less than 8 Hours,25 or below,Other,Yes,No,73,Severe,Facebook,WhatsApp,YouTube,LinkedIn,,,,,,,,
40,23,Female,Bachelor's Degree,Single,Unemployed,Less than 2.5 lakhs,Yes,2014,Redmi,"₹12,000",No,No,5,Less than 10 Hours,25 or below,In every 30 minutes,Yes,No,38,Absence,WhatsApp,YouTube,Instagram,Snapchat,Telegram,Pinterest,LinkedIn,,,,,
41,20,Female,Bachelor's Degree,Single,Part-time / Internship,Less than 2.5 lakhs,Yes,2018,Samsung,"₹20,000",Yes,Yes,6,Less than 8 Hours,26 - 50,In every 30 minutes,Yes,Yes,70,Severe,WhatsApp,YouTube,Instagram,Snapchat,LinkedIn,,,,,,,
42,18,Female,Below 12th,Single,Student,Less than 2.5 lakhs,Yes,2020,Samsung,"₹20,000",No,No,10,Less than 8 Hours,26 - 50,In every 20 minutes,Yes,Yes,92,Severe,WhatsApp,YouTube,Instagram,Snapchat,Telegram,LinkedIn,,,,,,
43,22,Female,Bachelor's Degree,Single,Student,Less than 2.5 lakhs,Yes,2016,Redmi,"₹12,000",No,Yes,6,Less than 8 Hours,26 - 50,In every 30 minutes,Yes,Yes,95,Severe,Facebook,WhatsApp,YouTube,Instagram,Snapchat,Telegram,Pinterest,LinkedIn,Discord,,,
44,27,Male,Master's Degree,Single,Full-time employment,Above 10 Lakhs,Yes,2014,Redmi,"₹15,000",Yes,Yes,4,Less than 10 Hours,51 - 75,In every 20 minutes,No,No,90,Severe,WhatsApp,YouTube,LinkedIn,,,,,,,,,
45,22,Male,Master's Degree,Single,Student,Less than 2.5 lakhs,Yes,2018,Vivo,"₹15,000",No,No,14,More than 10 Hours,76 - 100,In every 30 minutes,Yes,No,29,Absence,WhatsApp,YouTube,Instagram,Snapchat,Telegram,LinkedIn,,,,,,
46,28,Male,Bachelor's Degree,Married,Self-employed,2.5 lakhs - 5 lakhs,Yes,2014,Samsung,"Above ₹20,000",Yes,No,2,Less than 8 Hours,25 or below,In every 10 minutes,Yes,Yes,94,Severe,Facebook,WhatsApp,YouTube,Instagram,Telegram,LinkedIn,,,,,,
47,23,Male,Master's Degree,Single,Student,Less than 2.5 lakhs,Yes,2016,Samsung,"₹15,000",Yes,Yes,5,Less than 8 Hours,25 or below,Every Hour,Yes,Yes,90,Severe,WhatsApp,Instagram,LinkedIn,,,,,,,,,
48,21,Male,Bachelor's Degree,Single,Full-time employment,Less than 2.5 lakhs,Yes,After 2022,Other,"₹10,000",Yes,Yes,12,Less than 10 Hours,25 or below,In every 30 minutes,Yes,Yes,27,Absence,Facebook,WhatsApp,YouTube,Instagram,Snapchat,Telegram,Pinterest,LinkedIn,Quora,Discord,,
49,22,Male,Bachelor's Degree,Single,Unemployed,Less than 2.5 lakhs,Yes,2018,Other,"Above ₹20,000",Yes,No,6,Less than 8 Hours,51 - 75,In every 20 minutes,Yes,Yes,95,Severe,WhatsApp,YouTube,Instagram,,,,,,,,,
50,22,Male,Bachelor's Degree,Single,Student,Less than 2.5 lakhs,Yes,2017,Apple,"₹12,000",Yes,Yes,2,Less than 8 Hours,51 - 75,Every Hour,Yes,Yes,52,Absence,Pinterest,,,,,,,,,,,
51,20,Male,Bachelor's Degree,Single,Student,Less than 2.5 lakhs,Yes,2016,OnePlus,"Above ₹20,000",Yes,Yes,7,Less than 8 Hours,26 - 50,In every 10 minutes,Yes,Yes,74,Severe,Facebook,WhatsApp,YouTube,Instagram,Snapchat,Telegram,LinkedIn,Quora,Discord,,,
52,20,Male,Bachelor's Degree,Single,Student,Less than 2.5 lakhs,Yes,2017,Vivo,"Above ₹20,000",Yes,Yes,6,Less than 10 Hours,51 - 75,In every 10 minutes,Yes,Yes,54,Absence,Facebook,WhatsApp,YouTube,Instagram,Telegram,Pinterest,LinkedIn,Discord,,,,
53,22,Male,Bachelor's Degree,Single,Student,Less than 2.5 lakhs,Yes,2018,Xiaomi,"₹15,000",Yes,Yes,1,Less than 8 Hours,25 or below,Every Hour,Yes,Yes,41,Absence,WhatsApp,YouTube,,,,,,,,,,
54,21,Male,Bachelor's Degree,Single,Unemployed,Less than 2.5 lakhs,Yes,2017,Samsung,"₹15,000",Yes,No,8,Less than 6 Hours,26 - 50,In every 20 minutes,Yes,Yes,88,Severe,WhatsApp,YouTube,Instagram,Telegram,LinkedIn,Quora,,,,,,
55,22,Male,Bachelor's Degree,Single,Full-time employment,Less than 2.5 lakhs,Yes,2018,Realme,"₹15,000",Yes,Yes,4,Less than 10 Hours,25 or below,Other,Yes,Yes,85,Severe,WhatsApp,YouTube,Instagram,,,,,,,,,
56,30,Male,Master's Degree,Married,Full-time employment,Above 10 Lakhs,Yes,2016,Samsung,"₹20,000",Yes,No,1,Less than 8 Hours,26 - 50,In every 20 minutes,Yes,Yes,55,Absence,WhatsApp,YouTube,LinkedIn,,,,,,,,,
57,20,Female,Bachelor's Degree,Single,Student,Less than 2.5 lakhs,Yes,2019,Other,"₹10,000",Yes,Yes,1,Less than 6 Hours,25 or below,Every Hour,Yes,Yes,51,Absence,WhatsApp,YouTube,Instagram,,,,,,,,,
58,22,Male,Master's Degree,Single,Student,Less than 2.5 lakhs,Yes,2018,Redmi,₹8000,Yes,No,6,Less than 8 Hours,26 - 50,In every 20 minutes,Yes,Yes,94,Severe,Facebook,WhatsApp,YouTube,Instagram,Snapchat,Telegram,LinkedIn,,,,,
59,17,Female,Below 12th,Single,Student,Less than 2.5 lakhs,Yes,2021,Poco,₹8000,No,Yes,8,Less than 8 Hours,26 - 50,In every 10 minutes,Yes,Yes,117,Severe,WhatsApp,YouTube,Instagram,Snapchat,Telegram,LinkedIn,,,,,,
60,21,Male,Bachelor's Degree,Single,Student,Less than 2.5 lakhs,Yes,2019,Redmi,"₹20,000",Yes,Yes,4,Less than 10 Hours,26 - 50,In every 10 minutes,Yes,Yes,43,Absence,WhatsApp,YouTube,Instagram,Telegram,LinkedIn,,,,,,,
61,28,Male,Master's Degree,Single,Full-time employment,2.5 lakhs - 5 lakhs,Yes,2018,Vivo,"₹20,000",No,No,3,Less than 8 Hours,25 or below,Other,Yes,Yes,37,Absence,Facebook,WhatsApp,YouTube,Instagram,Telegram,LinkedIn,,,,,,
62,24,Male,Bachelor's Degree,Single,Full-time employment,2.5 lakhs - 5 lakhs,Yes,2014,Samsung,"₹15,000",No,Yes,6,Less than 8 Hours,26 - 50,In every 30 minutes,Yes,Yes,86,Severe,Facebook,WhatsApp,YouTube,Instagram,Snapchat,Telegram,Reddit,LinkedIn,,,,
63,22,Female,Master's Degree,Single,Full-time employment,2.5 lakhs - 5 lakhs,Yes,2018,Samsung,"₹15,000",Yes,Yes,5,Less than 8 Hours,25 or below,In every 30 minutes,Yes,Yes,99,Severe,WhatsApp,YouTube,Instagram,Snapchat,Telegram,Pinterest,LinkedIn,,,,,
64,22,Female,Bachelor's Degree,Single,Full-time employment,2.5 lakhs - 5 lakhs,Yes,2018,Redmi,"₹15,000",Yes,Yes,2,Less than 6 Hours,25 or below,Every Hour,Yes,Yes,119,Severe,WhatsApp,YouTube,Instagram,Telegram,LinkedIn,Quora,,,,,,
65,22,Male,Master's Degree,Single,Student,Less than 2.5 lakhs,Yes,2016,Realme,"Above ₹20,000",No,Yes,5,Less than 8 Hours,26 - 50,In every 20 minutes,Yes,Yes,100,Severe,Facebook,WhatsApp,YouTube,Instagram,Snapchat,Telegram,LinkedIn,Discord,,,,
66,22,Male,Master's Degree,Single,Full-time employment,5 lakhs - 10 lakhs,Yes,2016,OnePlus,"Above ₹20,000",Yes,No,7,Less than 6 Hours,101 or above,In every 10 minutes,Yes,Yes,110,Severe,WhatsApp,YouTube,Instagram,Telegram,,,,,,,,
67,22,Male,Bachelor's Degree,Single,Full-time employment,Less than 2.5 lakhs,Yes,2016,Realme,"₹15,000",Yes,Yes,7,Less than 6 Hours,26 - 50,In every 5 minutes,Yes,Yes,79,Severe,Facebook,WhatsApp,YouTube,Instagram,Snapchat,Telegram,LinkedIn,Discord,Twitch,,,
68,22,Male,Bachelor's Degree,Single,Full-time employment,Less than 2.5 lakhs,Yes,2017,OnePlus,"₹20,000",Yes,Yes,5,Less than 8 Hours,25 or below,In every 30 minutes,Yes,Yes,84,Severe,WhatsApp,YouTube,Instagram,Snapchat,Telegram,Pinterest,LinkedIn,,,,,
69,22,Female,Bachelor's Degree,Single,Student,Less than 2.5 lakhs,Yes,2015,Xiaomi,"Above ₹20,000",No,Yes,9,Less than 6 Hours,26 - 50,In every 30 minutes,Yes,Yes,37,Absence,Facebook,WhatsApp,YouTube,Instagram,Snapchat,Telegram,Pinterest,LinkedIn,,,,
70,20,Female,Bachelor's Degree,Single,Student,Less than 2.5 lakhs,Yes,2020,Redmi,"₹15,000",No,Yes,7,Less than 10 Hours,25 or below,Every Hour,Yes,No,39,Absence,WhatsApp,,,,,,,,,,,
71,23,Male,Master's Degree,Single,Self-employed,2.5 lakhs - 5 lakhs,Yes,Before 2013,OnePlus,"Above ₹20,000",Yes,Yes,1,Less than 6 Hours,25 or below,Other,Yes,No,54,Absence,Facebook,WhatsApp,YouTube,Instagram,Snapchat,Telegram,Pinterest,LinkedIn,Quora,Discord,,
72,22,Female,Bachelor's Degree,Single,Student,Less than 2.5 lakhs,Yes,2018,Samsung,"₹15,000",No,Yes,0,Less than 8 Hours,25 or below,Every Hour,No,Yes,53,Absence,WhatsApp,YouTube,Instagram,Snapchat,LinkedIn,,,,,,,
73,21,Male,Bachelor's Degree,Single,Self-employed,Less than 2.5 lakhs,Yes,2018,Poco,"₹15,000",Yes,Yes,8,Less than 6 Hours,51 - 75,In every 5 minutes,Yes,Yes,108,Severe,Facebook,WhatsApp,YouTube,Instagram,Telegram,LinkedIn,,,,,,
74,22,Female,Master's Degree,Single,Student,Less than 2.5 lakhs,Yes,2015,Redmi,"₹20,000",No,Yes,9,Less than 10 Hours,25 or below,In every 30 minutes,Yes,Yes,93,Severe,WhatsApp,YouTube,Instagram,Snapchat,Telegram,LinkedIn,,,,,,
75,24,Female,Bachelor's Degree,Single,Student,Less than 2.5 lakhs,Yes,2019,Other,₹8000,No,No,6,Less than 8 Hours,51 - 75,Every Hour,Yes,Yes,65,Severe,WhatsApp,YouTube,Instagram,Snapchat,Telegram,LinkedIn,,,,,,
76,22,Female,Bachelor's Degree,Single,Full-time employment,Less than 2.5 lakhs,Yes,2019,Redmi,"₹20,000",Yes,Yes,10,Less than 6 Hours,76 - 100,In every 10 minutes,Yes,Yes,39,Absence,WhatsApp,YouTube,Instagram,Snapchat,Telegram,LinkedIn,,,,,,
77,20,Male,Bachelor's Degree,Single,Part-time / Internship,Less than 2.5 lakhs,Yes,2018,OnePlus,"Above ₹20,000",Yes,Yes,5,Less than 8 Hours,26 - 50,In every 10 minutes,Yes,Yes,91,Severe,WhatsApp,YouTube,Instagram,Telegram,Pinterest,,,,,,,
78,21,Female,Bachelor's Degree,Single,Part-time / Internship,Less than 2.5 lakhs,Yes,2018,Redmi,"₹10,000",No,No,6,Less than 6 Hours,26 - 50,In every 10 minutes,Yes,Yes,93,Severe,Facebook,WhatsApp,YouTube,Instagram,Telegram,Pinterest,LinkedIn,,,,,
79,22,Female,Master's Degree,Single,Part-time / Internship,Less than 2.5 lakhs,Yes,2018,Other,"₹20,000",No,No,6,Less than 8 Hours,26 - 50,In every 10 minutes,Yes,Yes,116,Severe,WhatsApp,YouTube,Instagram,Snapchat,Telegram,LinkedIn,,,,,,
80,22,Male,Below 12th,Single,Student,Less than 2.5 lakhs,Yes,2016,Other,"₹15,000",Yes,Yes,7,Less than 8 Hours,51 - 75,Every Hour,No,Yes,49,Absence,Facebook,WhatsApp,YouTube,Instagram,Snapchat,Telegram,Pinterest,LinkedIn,Quora,,,
81,21,Female,Bachelor's Degree,Single,Student,Less than 2.5 lakhs,Yes,2015,Other,"₹20,000",Yes,Yes,6,More than 10 Hours,25 or below,In every 30 minutes,Yes,Yes,105,Severe,Facebook,WhatsApp,YouTube,Instagram,Snapchat,Telegram,LinkedIn,,,,,
82,22,Female,Bachelor's Degree,Single,Student,Less than 2.5 lakhs,Yes,2015,Samsung,"₹20,000",Yes,Yes,5,Less than 8 Hours,26 - 50,Every Hour,Yes,Yes,89,Severe,Facebook,WhatsApp,YouTube,Instagram,Snapchat,Telegram,Pinterest,LinkedIn,,,,
83,22,Female,Bachelor's Degree,Single,Full-time employment,Less than 2.5 lakhs,Yes,2016,Redmi,"₹20,000",No,No,1,Less than 8 Hours,26 - 50,Every Hour,Yes,Yes,109,Severe,WhatsApp,YouTube,Instagram,Telegram,LinkedIn,Quora,Discord,,,,,
84,22,Female,Bachelor's Degree,Married,Unemployed,Less than 2.5 lakhs,Yes,2021,Oppo,"Above ₹20,000",Yes,Yes,1,Less than 6 Hours,25 or below,Every Hour,Yes,Yes,35,Absence,Facebook,WhatsApp,YouTube,Instagram,Snapchat,,,,,,,
85,23,Female,Bachelor's Degree,Single,Part-time / Internship,Less than 2.5 lakhs,Yes,2018,Samsung,"Above ₹20,000",No,No,5,Less than 8 Hours,25 or below,Every Hour,No,Yes,83,Severe,WhatsApp,YouTube,LinkedIn,,,,,,,,,
86,21,Male,Below 12th,Single,Part-time / Internship,Less than 2.5 lakhs,Yes,2016,Vivo,"₹15,000",Yes,Yes,10,Less than 10 Hours,51 - 75,In every 30 minutes,Yes,No,72,Severe,Facebook,WhatsApp,YouTube,Instagram,Snapchat,Telegram,,,,,,
87,22,Male,Below 12th,Single,Student,Less than 2.5 lakhs,Yes,2014,Apple,"₹20,000",Yes,No,5,Less than 8 Hours,101 or above,In every 10 minutes,Yes,Yes,32,Absence,Instagram,,,,,,,,,,,
88,23,Male,Bachelor's Degree,Single,Part-time / Internship,Less than 2.5 lakhs,Yes,2017,OnePlus,"Above ₹20,000",Yes,Yes,5,Less than 6 Hours,25 or below,In every 5 minutes,No,Yes,97,Severe,Facebook,WhatsApp,YouTube,Instagram,Snapchat,Telegram,,,,,,
89,18,Male,Below 12th,Single,Student,Less than 2.5 lakhs,Yes,2020,Realme,"Above ₹20,000",Yes,Yes,3,Less than 8 Hours,25 or below,Every Hour,Yes,Yes,54,Absence,WhatsApp,YouTube,Snapchat,Telegram,,,,,,,,
90,19,Male,Below 12th,Single,Student,Less than 2.5 lakhs,Yes,2020,OnePlus,"Above ₹20,000",Yes,Yes,5,Less than 8 Hours,51 - 75,In every 20 minutes,Yes,Yes,77,Severe,Facebook,WhatsApp,YouTube,Instagram,Snapchat,Telegram,Pinterest,Reddit,LinkedIn,Quora,Discord,Twitch
91,21,Male,Below 12th,Single,Part-time / Internship,Less than 2.5 lakhs,Yes,2020,Other,"₹12,000",Yes,Yes,7,Less than 8 Hours,26 - 50,Other,Yes,Yes,56,Absence,WhatsApp,YouTube,Instagram,Snapchat,Telegram,LinkedIn,,,,,,
92,22,Female,Below 12th,Single,Full-time employment,Less than 2.5 lakhs,Yes,2019,Redmi,"₹12,000",No,Yes,4,Less than 8 Hours,26 - 50,In every 5 minutes,Yes,Yes,100,Severe,WhatsApp,YouTube,Instagram,Snapchat,Telegram,,,,,,,
93,23,Female,Bachelor's Degree,Single,Student,Less than 2.5 lakhs,Yes,2016,Apple,"₹20,000",No,No,5,Less than 10 Hours,26 - 50,In every 20 minutes,Yes,Yes,62,Severe,Facebook,WhatsApp,YouTube,Instagram,Telegram,LinkedIn,,,,,,
94,23,Male,Bachelor's Degree,Single,Student,Less than 2.5 lakhs,Yes,Before 2013,Samsung,"₹15,000",Yes,Yes,5,Less than 6 Hours,101 or above,In every 20 minutes,Yes,Yes,54,Absence,Facebook,WhatsApp,YouTube,Instagram,Snapchat,Telegram,Reddit,LinkedIn,Discord,Twitch,,
95,26,Male,Bachelor's Degree,Single,Full-time employment,5 lakhs - 10 lakhs,Yes,2015,Samsung,"Above ₹20,000",Yes,No,3,Less than 8 Hours,25 or below,Every Hour,Yes,No,120,Severe,WhatsApp,YouTube,Instagram,Telegram,LinkedIn,,,,,,,
96,22,Male,Below 12th,Single,Full-time employment,Less than 2.5 lakhs,Yes,2016,Realme,"Above ₹20,000",Yes,Yes,8,Less than 6 Hours,25 or below,In every 10 minutes,Yes,Yes,40,Absence,Facebook,WhatsApp,YouTube,Instagram,Snapchat,Telegram,,,,,,
97,20,Male,Bachelor's Degree,Single,Part-time / Internship,Less than 2.5 lakhs,Yes,2016,Apple,"Above ₹20,000",Yes,Yes,10,Less than 10 Hours,76 - 100,In every 5 minutes,Yes,No,46,Absence,Facebook,WhatsApp,YouTube,Instagram,Snapchat,LinkedIn,,,,,,
98,24,Male,Bachelor's Degree,Single,Self-employed,Less than 2.5 lakhs,Yes,2018,Vivo,"₹15,000",Yes,Yes,1,Less than 10 Hours,25 or below,Every Hour,Yes,Yes,92,Severe,Facebook,WhatsApp,YouTube,Instagram,Pinterest,,,,,,,
99,28,Male,Master's Degree,Single,Full-time employment,Above 10 Lakhs,Yes,2014,Apple,"Above ₹20,000",Yes,Yes,2,Less than 8 Hours,26 - 50,Every Hour,Yes,Yes,90,Severe,Facebook,WhatsApp,YouTube,Instagram,LinkedIn,,,,,,,
100,20,Male,Bachelor's Degree,Single,Student,Less than 2.5 lakhs,Yes,2017,Oppo,"Above ₹20,000",Yes,Yes,8,Less than 6 Hours,51 - 75,In every 5 minutes,Yes,Yes,140,Severe,Facebook,WhatsApp,YouTube,Instagram,Snapchat,Telegram,LinkedIn,Discord,,,,
101,18,Male,Below 12th,Single,Student,Less than 2.5 lakhs,Yes,2020,Vivo,"Above ₹20,000",Yes,Yes,9,Less than 10 Hours,101 or above,In every 10 minutes,Yes,Yes,85,Severe,WhatsApp,YouTube,Instagram,Snapchat,Telegram,Pinterest,,,,,,
102,16,Female,Bachelor's Degree,Single,Student,Above 10 Lakhs,Yes,2021,Redmi,"₹10,000",No,Yes,4,Less than 10 Hours,25 or below,In every 30 minutes,Yes,Yes,61,Severe,WhatsApp,YouTube,Instagram,Snapchat,Telegram,Pinterest,,,,,,
103,19,Male,Bachelor's Degree,Single,Student,Less than 2.5 lakhs,Yes,2020,Realme,"₹15,000",No,Yes,8,Less than 8 Hours,51 - 75,In every 5 minutes,Yes,Yes,38,Absence,Facebook,WhatsApp,YouTube,Instagram,Snapchat,Pinterest,Reddit,LinkedIn,Quora,Discord,,
104,24,Male,Bachelor's Degree,Single,Full-time employment,Less than 2.5 lakhs,Yes,2016,Samsung,"₹20,000",Yes,Yes,6,Less than 8 Hours,25 or below,In every 20 minutes,Yes,Yes,65,Severe,Facebook,WhatsApp,YouTube,Instagram,Snapchat,Telegram,LinkedIn,,,,,
105,25,Male,Master's Degree,Single,Full-time employment,Above 10 Lakhs,Yes,After 2022,OnePlus,"Above ₹20,000",No,No,5,More than 10 Hours,26 - 50,In every 20 minutes,Yes,Yes,30,Absence,Facebook,WhatsApp,YouTube,Instagram,,,,,,,,
106,20,Male,Bachelor's Degree,Single,Student,Less than 2.5 lakhs,Yes,2017,OnePlus,"Above ₹20,000",Yes,No,5,Less than 6 Hours,26 - 50,In every 10 minutes,Yes,Yes,104,Severe,WhatsApp,YouTube,Instagram,Snapchat,Telegram,,,,,,,
107,21,Male,Bachelor's Degree,Single,Full-time employment,2.5 lakhs - 5 lakhs,Yes,2021,Samsung,₹8000,No,No,0,More than 10 Hours,101 or above,Every Hour,Yes,Yes,84,Severe,WhatsApp,,,,,,,,,,,
108,20,Male,Bachelor's Degree,Single,Student,Less than 2.5 lakhs,Yes,2019,Redmi,"₹12,000",Yes,Yes,4,Less than 10 Hours,25 or below,In every 20 minutes,Yes,Yes,83,Severe,WhatsApp,Instagram,Telegram,LinkedIn,,,,,,,,
109,21,Female,Master's Degree,Single,Full-time employment,Less than 2.5 lakhs,Yes,2017,Redmi,₹8000,Yes,No,3,Less than 8 Hours,25 or below,Every Hour,Yes,Yes,73,Severe,WhatsApp,YouTube,Instagram,Telegram,,,,,,,,
110,22,Male,Bachelor's Degree,Single,Student,Less than 2.5 lakhs,Yes,Before 2013,Other,"Above ₹20,000",No,Yes,13,Less than 10 Hours,25 or below,Every Hour,Yes,Yes,36,Absence,WhatsApp,YouTube,Instagram,Telegram,Reddit,LinkedIn,Discord,Twitch,,,,
111,30,Male,Bachelor's Degree,Single,Full-time employment,5 lakhs - 10 lakhs,Yes,2015,Redmi,"₹20,000",Yes,No,6,Less than 6 Hours,25 or below,In every 20 minutes,Yes,Yes,120,Severe,Facebook,WhatsApp,YouTube,Instagram,Telegram,LinkedIn,,,,,,
112,22,Male,Master's Degree,Single,Part-time / Internship,Less than 2.5 lakhs,Yes,Before 2013,Redmi,"Above ₹20,000",Yes,Yes,1,More than 10 Hours,25 or below,Other,Yes,Yes,29,Absence,Facebook,WhatsApp,YouTube,Instagram,Snapchat,Telegram,Pinterest,Reddit,LinkedIn,Quora,Discord,Twitch
113,22,Male,Bachelor's Degree,Single,Full-time employment,Less than 2.5 lakhs,Yes,2016,Oppo,"Above ₹20,000",Yes,Yes,2,Less than 6 Hours,26 - 50,In every 20 minutes,Yes,Yes,27,Absence,Facebook,WhatsApp,YouTube,Instagram,Telegram,,,,,,,
114,23,Male,Bachelor's Degree,Single,Unemployed,Less than 2.5 lakhs,Yes,2014,Samsung,"₹10,000",Yes,Yes,20,Less than 6 Hours,25 or below,In every 10 minutes,Yes,No,42,Absence,Facebook,,,,,,,,,,,
115,22,Male,Bachelor's Degree,Single,Student,5 lakhs - 10 lakhs,Yes,2015,Redmi,"₹20,000",Yes,Yes,3,Less than 8 Hours,26 - 50,In every 10 minutes,Yes,Yes,92,Severe,Facebook,WhatsApp,YouTube,Telegram,LinkedIn,Discord,,,,,,
116,21,Male,Bachelor's Degree,Single,Full-time employment,2.5 lakhs - 5 lakhs,Yes,2018,Samsung,"₹20,000",Yes,Yes,8,Less than 8 Hours,101 or above,In every 10 minutes,Yes,Yes,70,Severe,Facebook,WhatsApp,YouTube,Instagram,Snapchat,Telegram,LinkedIn,,,,,
117,20,Male,Below 12th,Single,Student,Less than 2.5 lakhs,Yes,2018,OnePlus,"₹20,000",Yes,Yes,6,Less than 8 Hours,76 - 100,In every 20 minutes,No,No,96,Severe,WhatsApp,YouTube,Telegram,LinkedIn,,,,,,,,
118,25,Male,Bachelor's Degree,Single,Student,Less than 2.5 lakhs,Yes,Before 2013,Poco,"₹20,000",Yes,Yes,5,Less than 6 Hours,51 - 75,In every 5 minutes,Yes,No,115,Severe,Facebook,WhatsApp,YouTube,Instagram,Snapchat,Telegram,Pinterest,Reddit,LinkedIn,Quora,Discord,
119,20,Male,Below 12th,Single,Student,Less than 2.5 lakhs,Yes,2018,Redmi,"₹12,000",Yes,Yes,4,Less than 8 Hours,25 or below,Every Hour,Yes,Yes,53,Absence,WhatsApp,YouTube,Instagram,Telegram,LinkedIn,,,,,,,
120,23,Male,Master's Degree,Single,Student,Less than 2.5 lakhs,Yes,2018,Samsung,"Above ₹20,000",Yes,Yes,5,Less than 6 Hours,25 or below,Other,Yes,No,101,Severe,Facebook,WhatsApp,YouTube,Instagram,Telegram,LinkedIn,Twitch,,,,,
121,19,Female,Bachelor's Degree,Single,Student,Less than 2.5 lakhs,Yes,2019,Realme,"₹12,000",Yes,No,5,Less than 8 Hours,25 or below,In every 10 minutes,Yes,Yes,104,Severe,Facebook,WhatsApp,YouTube,Instagram,Snapchat,Telegram,,,,,,
122,19,Female,Below 12th,Single,Student,Less than 2.5 lakhs,Yes,2018,Realme,"₹10,000",Yes,Yes,5,Less than 8 Hours,51 - 75,In every 5 minutes,Yes,Yes,95,Severe,WhatsApp,YouTube,Instagram,Snapchat,Telegram,,,,,,,
123,22,Male,Bachelor's Degree,Single,Student,Less than 2.5 lakhs,Yes,2017,Samsung,"₹15,000",Yes,No,4,Less than 6 Hours,25 or below,In every 30 minutes,Yes,Yes,76,Severe,Facebook,WhatsApp,YouTube,Instagram,Telegram,Pinterest,,,,,,
124,22,Female,Master's Degree,Single,Part-time / Internship,2.5 lakhs - 5 lakhs,Yes,2014,Apple,"Above ₹20,000",No,No,5,Less than 10 Hours,76 - 100,Every Hour,Yes,No,121,Severe,Facebook,WhatsApp,YouTube,Instagram,Snapchat,Telegram,LinkedIn,,,,,
125,19,Female,Below 12th,Single,Student,Less than 2.5 lakhs,Yes,2020,Redmi,"₹20,000",No,Yes,7,Less than 8 Hours,25 or below,Other,Yes,Yes,44,Absence,WhatsApp,YouTube,Instagram,Telegram,,,,,,,,
126,21,Male,Master's Degree,Single,Student,Less than 2.5 lakhs,Yes,2019,Redmi,"₹12,000",Yes,Yes,8,Less than 8 Hours,51 - 75,In every 30 minutes,Yes,Yes,72,Severe,WhatsApp,YouTube,Instagram,Telegram,LinkedIn,,,,,,,
127,21,Female,Bachelor's Degree,Single,Student,Less than 2.5 lakhs,Yes,2017,Samsung,"Above ₹20,000",Yes,Yes,6,Less than 10 Hours,51 - 75,In every 20 minutes,Yes,Yes,103,Severe,Facebook,WhatsApp,YouTube,Instagram,Snapchat,Telegram,Pinterest,LinkedIn,,,,
128,21,Male,Bachelor's Degree,Single,Unemployed,Less than 2.5 lakhs,Yes,2018,Other,"₹15,000",Yes,No,5,Less than 8 Hours,76 - 100,In every 20 minutes,Yes,Yes,29,Absence,Facebook,WhatsApp,YouTube,Instagram,Snapchat,Telegram,Pinterest,LinkedIn,,,,
129,21,Male,Bachelor's Degree,Single,Student,2.5 lakhs - 5 lakhs,Yes,2018,Samsung,"Above ₹20,000",No,No,1,Less than 8 Hours,26 - 50,In every 30 minutes,Yes,Yes,73,Severe,WhatsApp,YouTube,Snapchat,Pinterest,,,,,,,,
130,23,Female,Bachelor's Degree,Married,Full-time employment,Less than 2.5 lakhs,Yes,2018,Realme,"₹15,000",No,No,9,More than 10 Hours,101 or above,In every 5 minutes,Yes,Yes,78,Severe,Facebook,WhatsApp,YouTube,Instagram,LinkedIn,,,,,,,
131,22,Male,Bachelor's Degree,Single,Full-time employment,Less than 2.5 lakhs,Yes,2017,Samsung,"₹20,000",Yes,Yes,2,Less than 8 Hours,26 - 50,Every Hour,Yes,Yes,38,Absence,WhatsApp,YouTube,Instagram,Telegram,LinkedIn,,,,,,,
132,22,Male,Bachelor's Degree,Single,Self-employed,Less than 2.5 lakhs,Yes,2020,Realme,"₹15,000",Yes,No,3,Less than 8 Hours,101 or above,In every 20 minutes,Yes,Yes,117,Severe,WhatsApp,YouTube,Instagram,Snapchat,Telegram,LinkedIn,,,,,,
133,22,Female,Master's Degree,Single,Student,Less than 2.5 lakhs,Yes,2019,Other,"₹15,000",No,No,5,Less than 8 Hours,25 or below,Every Hour,Yes,Yes,58,Absence,WhatsApp,YouTube,Telegram,LinkedIn,,,,,,,,
134,22,Male,Bachelor's Degree,Single,Student,Less than 2.5 lakhs,Yes,2018,Realme,"₹15,000",No,Yes,4,Less than 8 Hours,26 - 50,In every 30 minutes,Yes,Yes,88,Severe,Facebook,WhatsApp,YouTube,Telegram,LinkedIn,,,,,,,
135,24,Female,Bachelor's Degree,Single,Student,Less than 2.5 lakhs,Yes,Before 2013,Apple,"Above ₹20,000",Yes,No,2,Less than 8 Hours,25 or below,Other,Yes,Yes,61,Severe,Facebook,WhatsApp,YouTube,Instagram,Snapchat,Telegram,Pinterest,LinkedIn,,,,
136,22,Female,Bachelor's Degree,Single,Full-time employment,2.5 lakhs - 5 lakhs,Yes,2019,Samsung,"₹15,000",Yes,Yes,2,Less than 8 Hours,51 - 75,In every 5 minutes,Yes,Yes,40,Absence,WhatsApp,YouTube,Instagram,Snapchat,Telegram,LinkedIn,,,,,,
137,22,Female,Bachelor's Degree,Single,Full-time employment,Less than 2.5 lakhs,Yes,2017,Vivo,"Above ₹20,000",No,Yes,4,Less than 6 Hours,101 or above,In every 20 minutes,Yes,Yes,77,Severe,WhatsApp,YouTube,Instagram,Snapchat,LinkedIn,,,,,,,
138,20,Male,Below 12th,Single,Student,Less than 2.5 lakhs,Yes,2021,Realme,"₹10,000",Yes,Yes,3,Less than 8 Hours,26 - 50,In every 5 minutes,Yes,Yes,90,Severe,Facebook,WhatsApp,YouTube,Instagram,Telegram,,,,,,,
139,17,Male,Below 12th,Single,Student,Less than 2.5 lakhs,Yes,After 2022,Samsung,"₹10,000",No,No,5,Less than 8 Hours,25 or below,In every 30 minutes,No,No,37,Absence,Facebook,,,,,,,,,,,
140,17,Male,Below 12th,Single,Student,Less than 2.5 lakhs,Yes,After 2022,Realme,"₹12,000",Yes,Yes,1,More than 10 Hours,76 - 100,In every 30 minutes,Yes,Yes,37,Absence,Facebook,WhatsApp,YouTube,Instagram,Snapchat,Telegram,Twitch,,,,,
141,23,Female,Bachelor's Degree,Single,Full-time employment,Less than 2.5 lakhs,Yes,2020,Redmi,"₹12,000",No,Yes,4,Less than 8 Hours,25 or below,In every 5 minutes,Yes,Yes,112,Severe,WhatsApp,YouTube,Instagram,Snapchat,Telegram,,,,,,,
142,22,Male,Bachelor's Degree,Single,Student,Less than 2.5 lakhs,Yes,2016,Other,"₹20,000",Yes,Yes,5,Less than 8 Hours,25 or below,Every Hour,Yes,Yes,64,Severe,WhatsApp,YouTube,Telegram,,,,,,,,,
143,21,Male,Bachelor's Degree,Single,Full-time employment,Less than 2.5 lakhs,Yes,2019,Redmi,"₹15,000",Yes,No,1,Less than 8 Hours,25 or below,Other,Yes,Yes,52,Absence,Facebook,WhatsApp,YouTube,Instagram,Snapchat,,,,,,,
144,17,Male,Bachelor's Degree,Single,Student,Less than 2.5 lakhs,Yes,2020,Other,₹8000,No,Yes,3,Less than 8 Hours,25 or below,In every 10 minutes,Yes,Yes,119,Severe,WhatsApp,YouTube,,,,,,,,,,
145,21,Male,Below 12th,Single,Student,Less than 2.5 lakhs,Yes,After 2022,Realme,"₹15,000",Yes,Yes,0,Less than 8 Hours,25 or below,Every Hour,Yes,No,46,Absence,WhatsApp,YouTube,Telegram,,,,,,,,,
146,19,Male,Below 12th,Single,Unemployed,Less than 2.5 lakhs,Yes,2019,Vivo,"₹20,000",No,Yes,12,Less than 8 Hours,51 - 75,In every 10 minutes,Yes,Yes,84,Severe,WhatsApp,YouTube,Instagram,Telegram,LinkedIn,,,,,,,
147,17,Male,Below 12th,Single,Part-time / Internship,Less than 2.5 lakhs,Yes,2021,Vivo,"₹12,000",Yes,Yes,2,Less than 8 Hours,26 - 50,Every Hour,Yes,No,70,Severe,Facebook,WhatsApp,YouTube,Instagram,Telegram,LinkedIn,Quora,,,,,
148,17,Female,Below 12th,Single,Student,Less than 2.5 lakhs,Yes,2021,Redmi,"₹15,000",Yes,Yes,5,Less than 8 Hours,26 - 50,Every Hour,No,Yes,32,Absence,WhatsApp,YouTube,Instagram,Snapchat,Telegram,,,,,,,
149,27,Female,Bachelor's Degree,Single,Student,Less than 2.5 lakhs,Yes,After 2022,Redmi,"₹15,000",Yes,No,4,Less than 8 Hours,25 or below,In every 30 minutes,Yes,Yes,75,Severe,Facebook,WhatsApp,YouTube,Instagram,Snapchat,,,,,,,
150,18,Male,Below 12th,Single,Student,2.5 lakhs - 5 lakhs,Yes,2021,Vivo,"Above ₹20,000",Yes,Yes,4,Less than 6 Hours,26 - 50,In every 30 minutes,Yes,Yes,33,Absence,WhatsApp,YouTube,Instagram,Telegram,,,,,,,,
151,21,Female,Bachelor's Degree,Single,Student,Less than 2.5 lakhs,Yes,Before 2013,Oppo,"₹20,000",No,No,6,Less than 8 Hours,26 - 50,In every 20 minutes,Yes,Yes,89,Severe,WhatsApp,YouTube,Instagram,Snapchat,Telegram,LinkedIn,,,,,,
152,27,Male,Master's Degree,Single,Full-time employment,2.5 lakhs - 5 lakhs,Yes,2016,OnePlus,"Above ₹20,000",Yes,Yes,5,Less than 8 Hours,26 - 50,Every Hour,Yes,Yes,124,Severe,Facebook,WhatsApp,YouTube,Instagram,Snapchat,Telegram,Pinterest,Reddit,LinkedIn,Quora,Discord,Twitch
153,23,Female,Bachelor's Degree,Married,Full-time employment,2.5 lakhs - 5 lakhs,Yes,2018,OnePlus,"Above ₹20,000",No,Yes,6,Less than 8 Hours,25 or below,Every Hour,Yes,Yes,40,Absence,Facebook,WhatsApp,YouTube,Instagram,Snapchat,Telegram,LinkedIn,,,,,
154,22,Male,Master's Degree,Single,Student,Less than 2.5 lakhs,Yes,2016,Vivo,₹8000,Yes,Yes,8,Less than 10 Hours,25 or below,Every Hour,Yes,Yes,61,Severe,Facebook,WhatsApp,YouTube,Instagram,Telegram,Pinterest,LinkedIn,,,,,
155,21,Male,Bachelor's Degree,Single,Student,Less than 2.5 lakhs,Yes,2019,Xiaomi,"₹20,000",Yes,Yes,6,Less than 8 Hours,26 - 50,In every 10 minutes,Yes,No,124,Severe,Facebook,WhatsApp,YouTube,Instagram,Snapchat,Telegram,LinkedIn,,,,,
156,19,Male,Bachelor's Degree,Single,Student,Less than 2.5 lakhs,Yes,2018,Other,"₹15,000",Yes,Yes,10,Less than 10 Hours,25 or below,Every Hour,Yes,Yes,90,Severe,WhatsApp,YouTube,Instagram,Telegram,LinkedIn,,,,,,,
157,20,Female,Bachelor's Degree,Single,Student,Less than 2.5 lakhs,Yes,2018,Oppo,"₹15,000",Yes,Yes,6,Less than 10 Hours,76 - 100,In every 30 minutes,No,Yes,94,Severe,Facebook,WhatsApp,YouTube,Instagram,Snapchat,Telegram,,,,,,
158,19,Female,Bachelor's Degree,Single,Student,Less than 2.5 lakhs,Yes,2020,Realme,"₹10,000",No,No,16,Less than 8 Hours,26 - 50,Every Hour,Yes,No,64,Severe,WhatsApp,YouTube,Instagram,Telegram,Pinterest,Quora,,,,,,
159,23,Male,Bachelor's Degree,Single,Student,Less than 2.5 lakhs,Yes,2016,Vivo,"₹20,000",Yes,Yes,5,Less than 8 Hours,26 - 50,Every Hour,Yes,Yes,116,Severe,Facebook,WhatsApp,YouTube,Instagram,Snapchat,Telegram,LinkedIn,,,,,
160,29,Female,Master's Degree,Single,Full-time employment,2.5 lakhs - 5 lakhs,Yes,Before 2013,Oppo,"₹15,000",No,No,2,Less than 8 Hours,25 or below,Other,Yes,Yes,76,Severe,Facebook,WhatsApp,YouTube,Instagram,Snapchat,Telegram,Pinterest,LinkedIn,,,,
161,22,Female,Bachelor's Degree,Single,Student,Less than 2.5 lakhs,Yes,2021,Oppo,"₹10,000",No,No,2,Less than 10 Hours,25 or below,Every Hour,No,Yes,71,Severe,WhatsApp,Instagram,Telegram,LinkedIn,,,,,,,,
162,18,Female,Below 12th,Single,Student,Less than 2.5 lakhs,Yes,2021,Samsung,"₹10,000",No,Yes,1,Less than 10 Hours,25 or below,Other,No,No,38,Absence,Facebook,WhatsApp,YouTube,Instagram,Telegram,,,,,,,
163,24,Male,Bachelor's Degree,Single,Unemployed,Less than 2.5 lakhs,Yes,2017,Poco,"₹15,000",No,No,15,Less than 10 Hours,51 - 75,In every 20 minutes,Yes,Yes,88,Severe,WhatsApp,YouTube,Telegram,LinkedIn,Quora,,,,,,,
164,25,Male,Bachelor's Degree,Single,Unemployed,Less than 2.5 lakhs,Yes,2016,Redmi,"₹15,000",Yes,Yes,1,Less than 8 Hours,25 or below,Other,Yes,Yes,33,Absence,Facebook,WhatsApp,YouTube,Instagram,Snapchat,Telegram,LinkedIn,,,,,
165,19,Female,Bachelor's Degree,Single,Student,Less than 2.5 lakhs,Yes,2021,Redmi,"₹15,000",Yes,Yes,4,Less than 8 Hours,26 - 50,Every Hour,Yes,No,115,Severe,WhatsApp,YouTube,Instagram,Snapchat,,,,,,,,
166,23,Male,Below 12th,Single,Student,Less than 2.5 lakhs,Yes,After 2022,Redmi,"₹15,000",Yes,Yes,7,Less than 6 Hours,25 or below,In every 30 minutes,Yes,Yes,86,Severe,Facebook,WhatsApp,YouTube,Instagram,Snapchat,Telegram,,,,,,
167,23,Male,Below 12th,Single,Student,Less than 2.5 lakhs,Yes,2014,Xiaomi,"Above ₹20,000",Yes,Yes,7,Less than 8 Hours,76 - 100,In every 10 minutes,Yes,Yes,109,Severe,Facebook,WhatsApp,YouTube,Instagram,Snapchat,Telegram,Pinterest,LinkedIn,Quora,Discord,,
168,22,Female,Bachelor's Degree,Single,Full-time employment,2.5 lakhs - 5 lakhs,Yes,2017,Samsung,"Above ₹20,000",Yes,Yes,2,Less than 8 Hours,25 or below,Every Hour,Yes,Yes,53,Absence,WhatsApp,YouTube,Instagram,Snapchat,Telegram,Pinterest,LinkedIn,,,,,
169,21,Female,Bachelor's Degree,Single,Student,Less than 2.5 lakhs,Yes,2017,Vivo,"₹10,000",No,No,10,Less than 8 Hours,26 - 50,In every 20 minutes,Yes,Yes,79,Severe,WhatsApp,YouTube,Instagram,Telegram,,,,,,,,
170,23,Male,Bachelor's Degree,Single,Full-time employment,2.5 lakhs - 5 lakhs,Yes,2016,Redmi,"₹15,000",Yes,Yes,10,Less than 8 Hours,51 - 75,In every 20 minutes,Yes,Yes,130,Severe,Facebook,WhatsApp,YouTube,Instagram,Snapchat,Telegram,LinkedIn,Quora,,,,
171,23,Male,Bachelor's Degree,Single,Part-time / Internship,2.5 lakhs - 5 lakhs,Yes,2016,Poco,"₹20,000",No,Yes,5,Less than 6 Hours,26 - 50,In every 30 minutes,Yes,Yes,108,Severe,Facebook,WhatsApp,YouTube,Instagram,Snapchat,Telegram,Reddit,LinkedIn,Quora,Discord,,
172,21,Male,Below 12th,Single,Full-time employment,2.5 lakhs - 5 lakhs,Yes,2021,OnePlus,"Above ₹20,000",Yes,No,4,Less than 6 Hours,26 - 50,In every 20 minutes,Yes,Yes,41,Absence,WhatsApp,YouTube,Instagram,Telegram,LinkedIn,,,,,,,
173,22,Female,Bachelor's Degree,Single,Student,Less than 2.5 lakhs,Yes,2017,Redmi,"₹15,000",No,Yes,6,Less than 8 Hours,76 - 100,In every 10 minutes,Yes,Yes,97,Severe,Facebook,WhatsApp,YouTube,Instagram,,,,,,,,
174,24,Male,Bachelor's Degree,Single,Full-time employment,2.5 lakhs - 5 lakhs,Yes,2016,Apple,"Above ₹20,000",Yes,Yes,5,Less than 8 Hours,76 - 100,In every 10 minutes,Yes,Yes,34,Absence,Facebook,WhatsApp,YouTube,Instagram,Telegram,LinkedIn,Quora,,,,,
175,26,Male,Master's Degree,Single,Full-time employment,5 lakhs - 10 lakhs,Yes,2016,Samsung,"₹15,000",Yes,Yes,5,Less than 6 Hours,101 or above,In every 5 minutes,Yes,No,96,Severe,Facebook,WhatsApp,YouTube,Instagram,Snapchat,Telegram,LinkedIn,,,,,
176,19,Male,Bachelor's Degree,Single,Student,Less than 2.5 lakhs,Yes,2021,Redmi,"₹15,000",Yes,Yes,5,Less than 8 Hours,26 - 50,In every 10 minutes,Yes,Yes,47,Absence,Facebook,WhatsApp,YouTube,Instagram,Telegram,,,,,,,
177,23,Male,Bachelor's Degree,Single,Full-time employment,Less than 2.5 lakhs,Yes,After 2022,Apple,"Above ₹20,000",Yes,Yes,8,Less than 10 Hours,26 - 50,In every 10 minutes,Yes,No,111,Severe,Facebook,WhatsApp,YouTube,Instagram,Snapchat,Telegram,,,,,,
178,28,Male,Master's Degree,Single,Full-time employment,Less than 2.5 lakhs,Yes,Before 2013,Redmi,₹8000,No,Yes,1,More than 10 Hours,25 or below,In every 30 minutes,Yes,Yes,45,Absence,WhatsApp,Instagram,Telegram,,,,,,,,,
179,23,Male,Master's Degree,Single,Part-time / Internship,Less than 2.5 lakhs,Yes,2018,Other,"₹15,000",Yes,No,15,Less than 8 Hours,25 or below,In every 20 minutes,Yes,Yes,50,Absence,WhatsApp,YouTube,Instagram,Reddit,LinkedIn,,,,,,,
180,18,Male,Bachelor's Degree,Single,Student,Less than 2.5 lakhs,Yes,2021,Xiaomi,"₹10,000",Yes,Yes,6,Less than 8 Hours,25 or below,In every 20 minutes,Yes,No,82,Severe,WhatsApp,YouTube,Instagram,Snapchat,Telegram,,,,,,,
181,23,Female,Master's Degree,Single,Unemployed,Less than 2.5 lakhs,Yes,2016,Poco,"₹20,000",No,No,6,Less than 8 Hours,25 or below,Every Hour,Yes,Yes,42,Absence,Facebook,WhatsApp,YouTube,Telegram,Quora,,,,,,,
182,20,Female,Bachelor's Degree,Single,Student,2.5 lakhs - 5 lakhs,Yes,2018,Xiaomi,"₹15,000",Yes,No,8,Less than 10 Hours,26 - 50,Every Hour,Yes,Yes,58,Absence,WhatsApp,YouTube,Instagram,Snapchat,Telegram,LinkedIn,,,,,,
183,24,Male,Master's Degree,Single,Full-time employment,2.5 lakhs - 5 lakhs,Yes,2016,Realme,"₹12,000",Yes,Yes,5,Less than 8 Hours,26 - 50,In every 30 minutes,Yes,Yes,80,Severe,WhatsApp,YouTube,Telegram,LinkedIn,,,,,,,,
184,22,Male,Bachelor's Degree,Single,Student,Less than 2.5 lakhs,Yes,2016,OnePlus,"Above ₹20,000",Yes,Yes,4,Less than 10 Hours,76 - 100,In every 20 minutes,Yes,Yes,39,Absence,Facebook,WhatsApp,YouTube,Instagram,Snapchat,Telegram,LinkedIn,Quora,Discord,,,
185,30,Male,Bachelor's Degree,Single,Part-time / Internship,Less than 2.5 lakhs,Yes,Before 2013,Realme,"₹20,000",No,Yes,14,Less than 8 Hours,76 - 100,In every 10 minutes,Yes,Yes,80,Severe,Facebook,WhatsApp,YouTube,Instagram,Snapchat,Telegram,Pinterest,LinkedIn,,,,
186,22,Female,Bachelor's Degree,Single,Part-time / Internship,Less than 2.5 lakhs,Yes,2016,Poco,"₹15,000",Yes,Yes,5,Less than 8 Hours,26 - 50,In every 10 minutes,Yes,Yes,51,Absence,WhatsApp,YouTube,Instagram,Snapchat,Telegram,Pinterest,,,,,,
187,23,Female,Bachelor's Degree,Single,Student,Less than 2.5 lakhs,Yes,2019,Apple,₹8000,Yes,Yes,7,Less than 6 Hours,25 or below,In every 10 minutes,Yes,Yes,60,Severe,Facebook,WhatsApp,YouTube,Instagram,Snapchat,Telegram,,,,,,
188,22,Male,Bachelor's Degree,Single,Full-time employment,Less than 2.5 lakhs,Yes,2018,Redmi,"₹20,000",Yes,No,8,Less than 8 Hours,26 - 50,Every Hour,No,No,37,Absence,Facebook,WhatsApp,YouTube,Instagram,Snapchat,Pinterest,LinkedIn,,,,,
189,22,Male,Bachelor's Degree,Single,Full-time employment,Less than 2.5 lakhs,Yes,2015,Poco,"₹20,000",Yes,Yes,8,Less than 6 Hours,26 - 50,In every 10 minutes,Yes,Yes,37,Absence,Facebook,WhatsApp,YouTube,Instagram,Snapchat,Telegram,LinkedIn,,,,,
190,24,Female,Bachelor's Degree,Married,Full-time employment,2.5 lakhs - 5 lakhs,Yes,2018,Redmi,"₹15,000",Yes,No,3,Less than 8 Hours,51 - 75,Every Hour,Yes,Yes,58,Absence,Facebook,WhatsApp,YouTube,Instagram,Snapchat,,,,,,,
191,30,Male,Bachelor's Degree,Single,Full-time employment,5 lakhs - 10 lakhs,Yes,Before 2013,Redmi,"₹20,000",Yes,Yes,5,Less than 8 Hours,51 - 75,In every 20 minutes,Yes,Yes,92,Severe,Facebook,WhatsApp,YouTube,Instagram,Snapchat,Telegram,LinkedIn,,,,,
192,22,Female,Bachelor's Degree,Single,Self-employed,Less than 2.5 lakhs,Yes,2016,Realme,"₹20,000",No,Yes,3,Less than 8 Hours,25 or below,Every Hour,Yes,No,76,Severe,Facebook,WhatsApp,YouTube,Instagram,,,,,,,,
193,24,Male,Bachelor's Degree,Single,Full-time employment,Less than 2.5 lakhs,Yes,Before 2013,Xiaomi,"₹20,000",Yes,Yes,2,Less than 8 Hours,25 or below,In every 30 minutes,Yes,Yes,104,Severe,Facebook,WhatsApp,YouTube,Instagram,Snapchat,Discord,,,,,,
194,23,Female,Bachelor's Degree,Single,Student,Less than 2.5 lakhs,Yes,2016,Redmi,"₹12,000",No,No,12,Less than 8 Hours,25 or below,In every 30 minutes,Yes,Yes,119,Severe,Facebook,WhatsApp,YouTube,Instagram,,,,,,,,
195,21,Male,Bachelor's Degree,Single,Unemployed,Less than 2.5 lakhs,Yes,2016,Other,"₹12,000",Yes,Yes,8,Less than 6 Hours,51 - 75,In every 10 minutes,Yes,Yes,130,Severe,Facebook,WhatsApp,YouTube,Instagram,Telegram,LinkedIn,Quora,,,,,
196,20,Female,Below 12th,Single,Student,Less than 2.5 lakhs,Yes,2016,Vivo,"Above ₹20,000",Yes,No,6,Less than 8 Hours,76 - 100,In every 10 minutes,Yes,Yes,83,Severe,WhatsApp,YouTube,Instagram,Telegram,Pinterest,LinkedIn,Quora,,,,,
197,23,Female,Below 12th,Single,Full-time employment,Above 10 Lakhs,Yes,2019,OnePlus,"Above ₹20,000",No,Yes,3,Less than 10 Hours,101 or above,In every 10 minutes,Yes,Yes,57,Absence,Facebook,WhatsApp,YouTube,Instagram,Snapchat,Pinterest,Reddit,LinkedIn,Quora,,,
198,28,Male,Master's Degree,Married,Full-time employment,5 lakhs - 10 lakhs,Yes,2017,Xiaomi,"₹12,000",No,No,3,Less than 6 Hours,25 or below,Every Hour,No,No,57,Absence,Facebook,WhatsApp,YouTube,Instagram,Telegram,,,,,,,
199,22,Female,Bachelor's Degree,Single,Unemployed,Less than 2.5 lakhs,Yes,2017,Realme,"₹15,000",Yes,No,0,Less than 8 Hours,26 - 50,Every Hour,Yes,No,74,Severe,WhatsApp,YouTube,Instagram,Pinterest,Quora,,,,,,,
200,20,Male,Bachelor's Degree,Single,Student,Less than 2.5 lakhs,Yes,2016,Samsung,"₹15,000",Yes,Yes,1,Less than 8 Hours,25 or below,In every 20 minutes,Yes,Yes,22,Absence,Facebook,WhatsApp,YouTube,Instagram,LinkedIn,Telegram,,,,,,
201,16,Female,Below 12th,Single,Unemployed,2.5 lakhs - 5 lakhs,Yes,2021,OnePlus,"Above ₹20,000",No,No,8,Less than 10 Hours,101 or above,Other,No,No,73,Severe,WhatsApp,,,,,,,,,,,
202,21,Male,Bachelor's Degree,Single,Student,Less than 2.5 lakhs,Yes,2017,Samsung,"₹15,000",Yes,Yes,3,Less than 8 Hours,26 - 50,In every 30 minutes,Yes,Yes,89,Severe,Facebook,WhatsApp,YouTube,Telegram,Snapchat,Pinterest,,,,,,
203,29,Male,Bachelor's Degree,Single,Student,Less than 2.5 lakhs,Yes,2017,Samsung,"₹15,000",Yes,Yes,4,Less than 8 Hours,26 - 50,In every 20 minutes,Yes,Yes,87,Severe,Facebook,WhatsApp,YouTube,Instagram,Snapchat,Pinterest,,,,,,
204,23,Male,Bachelor's Degree,Single,Student,Less than 2.5 lakhs,Yes,2018,Samsung,"₹15,000",Yes,Yes,1,Less than 8 Hours,25 or below,In every 30 minutes,Yes,Yes,52,Absence,Facebook,WhatsApp,YouTube,Instagram,Snapchat,Pinterest,,,,,,
205,21,Female,Bachelor's Degree,Single,Full-time employment,Less than 2.5 lakhs,Yes,2018,Other,"₹20,000",No,Yes,3,Less than 6 Hours,26 - 50,In every 30 minutes,Yes,Yes,114,Severe,WhatsApp,YouTube,Instagram,Telegram,Snapchat,,,,,,,
206,18,Female,Below 12th,Single,Full-time employment,Above 10 Lakhs,Yes,2020,Xiaomi,"Above ₹20,000",No,No,5,Less than 10 Hours,51 - 75,Every Hour,Yes,Yes,35,Absence,WhatsApp,YouTube,Telegram,Snapchat,,,,,,,,
207,21,Male,Master's Degree,Single,Part-time / Internship,Less than 2.5 lakhs,Yes,Before 2013,Redmi,₹8000,Yes,Yes,6,Less than 8 Hours,25 or below,In every 5 minutes,Yes,Yes,64,Severe,Facebook,WhatsApp,YouTube,Instagram,Telegram,LinkedIn,,,,,,
208,18,Female,Bachelor's Degree,Single,Student,Less than 2.5 lakhs,Yes,2018,Realme,"₹20,000",Yes,No,0,Less than 8 Hours,26 - 50,In every 30 minutes,Yes,Yes,108,Severe,WhatsApp,YouTube,Instagram,LinkedIn,Snapchat,,,,,,,
209,26,Male,Bachelor's Degree,Single,Student,Less than 2.5 lakhs,Yes,2016,Realme,"₹15,000",Yes,Yes,9,Less than 8 Hours,26 - 50,In every 10 minutes,Yes,Yes,44,Absence,Facebook,WhatsApp,YouTube,Instagram,Snapchat,Telegram,,,,,,
210,16,Male,Bachelor's Degree,Single,Student,Less than 2.5 lakhs,Yes,2016,Samsung,"₹15,000",Yes,Yes,7,Less than 8 Hours,26 - 50,In every 20 minutes,Yes,Yes,118,Severe,Facebook,WhatsApp,YouTube,Instagram,LinkedIn,Telegram,,,,,,
211,28,Female,Bachelor's Degree,Single,Full-time employment,Less than 2.5 lakhs,Yes,2018,Realme,"₹20,000",No,No,4,Less than 6 Hours,26 - 50,In every 30 minutes,Yes,Yes,76,Severe,WhatsApp,YouTube,Instagram,LinkedIn,Snapchat,,,,,,,
212,23,Male,Master's Degree,Single,Student,Less than 2.5 lakhs,Yes,2015,Redmi,"₹12,000",Yes,Yes,0,Less than 8 Hours,25 or below,In every 10 minutes,Yes,Yes,84,Severe,Facebook,WhatsApp,YouTube,Instagram,Telegram,LinkedIn,,,,,,
213,20,Female,Bachelor's Degree,Single,Full-time employment,Less than 2.5 lakhs,Yes,2018,Other,"₹20,000",No,Yes,0,Less than 6 Hours,26 - 50,In every 30 minutes,Yes,Yes,25,Absence,WhatsApp,YouTube,Instagram,Telegram,Snapchat,,,,,,,
214,19,Male,Master's Degree,Single,Student,Less than 2.5 lakhs,Yes,2014,Redmi,"₹12,000",Yes,Yes,5,Less than 8 Hours,25 or below,In every 10 minutes,Yes,Yes,105,Severe,Facebook,WhatsApp,YouTube,Instagram,Telegram,LinkedIn,,,,,,
215,23,Male,Master's Degree,Single,Part-time / Internship,Less than 2.5 lakhs,Yes,2014,Redmi,"₹12,000",Yes,Yes,2,Less than 8 Hours,25 or below,In every 10 minutes,Yes,Yes,59,Absence,Facebook,WhatsApp,YouTube,Instagram,Telegram,LinkedIn,,,,,,
216,28,Male,Bachelor's Degree,Single,Student,Less than 2.5 lakhs,Yes,2018,Realme,"₹15,000",Yes,Yes,7,Less than 8 Hours,26 - 50,In every 30 minutes,Yes,Yes,35,Absence,WhatsApp,YouTube,Instagram,Telegram,Snapchat,,,,,,,
217,21,Female,Below 12th,Single,Full-time employment,2.5 lakhs - 5 lakhs,Yes,2021,Xiaomi,"Above ₹20,000",No,No,6,Less than 10 Hours,51 - 75,Every Hour,Yes,No,96,Severe,WhatsApp,YouTube,Telegram,,,,,,,,,
218,20,Female,Bachelor's Degree,Single,Full-time employment,Less than 2.5 lakhs,Yes,2018,Realme,"₹20,000",No,No,5,Less than 6 Hours,26 - 50,In every 30 minutes,Yes,Yes,54,Absence,WhatsApp,YouTube,Instagram,LinkedIn,Pinterest,,,,,,,
219,17,Male,Master's Degree,Single,Student,Less than 2.5 lakhs,Yes,2015,Redmi,"₹12,000",Yes,Yes,6,Less than 8 Hours,25 or below,In every 10 minutes,Yes,Yes,25,Absence,Facebook,WhatsApp,YouTube,Instagram,Telegram,Quora,,,,,,
220,23,Male,Master's Degree,Single,Student,Less than 2.5 lakhs,Yes,2015,Redmi,"₹10,000",Yes,Yes,5,Less than 8 Hours,25 or below,In every 10 minutes,Yes,Yes,82,Severe,Facebook,WhatsApp,YouTube,Instagram,Telegram,Quora,,,,,,
221,23,Male,Bachelor's Degree,Single,Student,Less than 2.5 lakhs,Yes,2017,Samsung,"₹15,000",Yes,Yes,9,Less than 8 Hours,26 - 50,In every 20 minutes,Yes,Yes,112,Severe,Facebook,WhatsApp,YouTube,Instagram,Snapchat,Telegram,,,,,,
222,21,Male,Bachelor's Degree,Single,Student,Less than 2.5 lakhs,Yes,2017,Samsung,"₹15,000",Yes,Yes,4,Less than 8 Hours,26 - 50,In every 30 minutes,Yes,Yes,69,Severe,Facebook,WhatsApp,Instagram,Telegram,Snapchat,Pinterest,,,,,,
223,28,Male,Bachelor's Degree,Single,Student,Less than 2.5 lakhs,Yes,2016,Samsung,"₹15,000",Yes,Yes,5,Less than 8 Hours,26 - 50,In every 20 minutes,Yes,Yes,67,Severe,Facebook,WhatsApp,YouTube,Instagram,Snapchat,Telegram,,,,,,
224,26,Male,Master's Degree,Single,Student,Less than 2.5 lakhs,Yes,2019,Realme,"₹12,000",Yes,Yes,5,Less than 8 Hours,25 or below,Every Hour,Yes,Yes,85,Severe,Facebook,YouTube,Telegram,,,,,,,,,
225,25,Female,Below 12th,Single,Full-time employment,Above 10 Lakhs,Yes,2020,Xiaomi,"Above ₹20,000",No,No,6,Less than 10 Hours,51 - 75,Every Hour,Yes,Yes,90,Severe,WhatsApp,YouTube,Telegram,Snapchat,,,,,,,,
226,18,Male,Bachelor's Degree,Single,Student,Less than 2.5 lakhs,Yes,2018,Realme,"₹20,000",Yes,Yes,4,Less than 8 Hours,26 - 50,In every 30 minutes,Yes,Yes,48,Absence,WhatsApp,YouTube,Instagram,Telegram,Snapchat,,,,,,,
227,15,Female,Bachelor's Degree,Single,Full-time employment,Less than 2.5 lakhs,Yes,2018,Realme,"₹20,000",No,No,8,Less than 6 Hours,26 - 50,In every 30 minutes,Yes,Yes,53,Absence,WhatsApp,YouTube,Instagram,LinkedIn,Pinterest,,,,,,,
228,26,Male,Bachelor's Degree,Single,Student,Less than 2.5 lakhs,Yes,2016,Samsung,"₹15,000",Yes,Yes,0,Less than 8 Hours,25 or below,In every 20 minutes,Yes,Yes,82,Severe,Facebook,WhatsApp,YouTube,Instagram,LinkedIn,Telegram,,,,,,
229,20,Male,Master's Degree,Single,Part-time / Internship,Less than 2.5 lakhs,Yes,2014,Redmi,"₹10,000",Yes,Yes,1,Less than 8 Hours,25 or below,In every 10 minutes,Yes,Yes,37,Absence,Facebook,WhatsApp,YouTube,Instagram,Telegram,LinkedIn,,,,,,
230,23,Male,Master's Degree,Single,Student,Less than 2.5 lakhs,Yes,Before 2013,Vivo,₹8000,Yes,Yes,4,Less than 8 Hours,25 or below,In every 5 minutes,Yes,Yes,68,Severe,Facebook,WhatsApp,YouTube,Instagram,Telegram,LinkedIn,,,,,,
231,19,Male,Bachelor's Degree,Single,Student,Less than 2.5 lakhs,Yes,2018,Realme,"₹15,000",Yes,Yes,3,Less than 8 Hours,26 - 50,In every 30 minutes,Yes,Yes,90,Severe,WhatsApp,YouTube,Instagram,Telegram,Snapchat,,,,,,,
232,25,Male,Bachelor's Degree,Single,Student,Less than 2.5 lakhs,Yes,2017,Samsung,"₹15,000",Yes,Yes,6,Less than 8 Hours,25 or below,In every 20 minutes,Yes,Yes,60,Severe,Facebook,WhatsApp,YouTube,Instagram,LinkedIn,Pinterest,,,,,,
233,22,Male,Master's Degree,Single,Part-time / Internship,Less than 2.5 lakhs,Yes,Before 2013,Redmi,₹8000,Yes,Yes,8,Less than 8 Hours,25 or below,In every 5 minutes,Yes,Yes,80,Severe,Facebook,WhatsApp,YouTube,Instagram,Telegram,LinkedIn,,,,,,
234,25,Male,Bachelor's Degree,Single,Student,Less than 2.5 lakhs,Yes,2018,Realme,"₹15,000",Yes,Yes,10,Less than 8 Hours,26 - 50,In every 30 minutes,Yes,Yes,36,Absence,WhatsApp,YouTube,Instagram,Telegram,Snapchat,,,,,,,
235,30,Male,Bachelor's Degree,Single,Student,Less than 2.5 lakhs,Yes,2016,Samsung,"₹15,000",Yes,Yes,1,Less than 8 Hours,25 or below,In every 20 minutes,Yes,Yes,86,Severe,Facebook,WhatsApp,YouTube,Instagram,LinkedIn,Telegram,,,,,,
236,22,Female,Bachelor's Degree,Single,Full-time employment,5 lakhs - 10 lakhs,Yes,2020,Xiaomi,"Above ₹20,000",No,No,3,Less than 6 Hours,51 - 75,Every Hour,Yes,No,85,Severe,WhatsApp,YouTube,Instagram,Snapchat,,,,,,,,
237,20,Male,Master's Degree,Single,Part-time / Internship,Less than 2.5 lakhs,Yes,Before 2013,Redmi,₹8000,Yes,Yes,5,Less than 8 Hours,25 or below,In every 5 minutes,Yes,Yes,73,Severe,Facebook,WhatsApp,YouTube,Instagram,Telegram,LinkedIn,,,,,,
238,24,Male,Bachelor's Degree,Single,Full-time employment,Less than 2.5 lakhs,Yes,2018,Poco,"₹20,000",Yes,Yes,5,Less than 6 Hours,26 - 50,Every Hour,Yes,Yes,44,Absence,WhatsApp,YouTube,Instagram,LinkedIn,Snapchat,,,,,,,
239,19,Female,Bachelor's Degree,Single,Full-time employment,5 lakhs - 10 lakhs,Yes,2019,Oppo,"₹20,000",No,No,1,Less than 6 Hours,51 - 75,Every Hour,Yes,Yes,101,Severe,WhatsApp,YouTube,Instagram,Snapchat,,,,,,,,
240,15,Female,Bachelor's Degree,Single,Full-time employment,5 lakhs - 10 lakhs,Yes,2019,Oppo,"₹20,000",No,No,6,Less than 6 Hours,51 - 75,Every Hour,Yes,Yes,81,Severe,WhatsApp,YouTube,Instagram,Snapchat,,,,,,,,
241,17,Male,Bachelor's Degree,Single,Student,Less than 2.5 lakhs,Yes,2017,Samsung,"₹15,000",Yes,Yes,3,Less than 8 Hours,25 or below,In every 20 minutes,Yes,Yes,55,Absence,Facebook,WhatsApp,YouTube,Instagram,LinkedIn,Telegram,,,,,,
242,23,Female,Bachelor's Degree,Single,Student,Less than 2.5 lakhs,Yes,2018,Realme,"₹20,000",Yes,No,3,Less than 8 Hours,26 - 50,In every 30 minutes,Yes,Yes,68,Severe,WhatsApp,YouTube,Instagram,LinkedIn,Snapchat,,,,,,,
243,15,Male,Bachelor's Degree,Single,Student,Less than 2.5 lakhs,Yes,2016,Samsung,"₹15,000",Yes,Yes,4,Less than 8 Hours,25 or below,In every 20 minutes,Yes,Yes,74,Severe,Facebook,WhatsApp,YouTube,Instagram,LinkedIn,Telegram,,,,,,
244,16,Female,Below 12th,Married,Self-employed,2.5 lakhs - 5 lakhs,Yes,After 2022,Apple,"Above ₹20,000",No,No,2,More than 10 Hours,101 or above,Other,No,No,37,Absence,WhatsApp,Instagram,,,,,,,,,,
245,24,Female,Bachelor's Degree,Single,Full-time employment,5 lakhs - 10 lakhs,Yes,2019,Other,"₹20,000",No,No,4,Less than 10 Hours,51 - 75,Every Hour,Yes,Yes,83,Severe,WhatsApp,YouTube,Instagram,Snapchat,,,,,,,,
246,19,Male,Bachelor's Degree,Single,Student,Less than 2.5 lakhs,Yes,2016,Vivo,"₹12,000",Yes,Yes,3,Less than 8 Hours,25 or below,In every 10 minutes,Yes,Yes,94,Severe,Facebook,WhatsApp,YouTube,Instagram,LinkedIn,Telegram,,,,,,
247,20,Female,Bachelor's Degree,Single,Full-time employment,Less than 2.5 lakhs,Yes,2018,Realme,"₹20,000",No,No,10,Less than 6 Hours,26 - 50,In every 30 minutes,Yes,Yes,46,Absence,WhatsApp,YouTube,Instagram,LinkedIn,Pinterest,,,,,,,
248,23,Male,Bachelor's Degree,Single,Student,Less than 2.5 lakhs,Yes,2018,Realme,"₹15,000",Yes,Yes,2,Less than 8 Hours,26 - 50,In every 30 minutes,Yes,Yes,69,Severe,WhatsApp,YouTube,Instagram,Telegram,Snapchat,,,,,,,
249,22,Male,Master's Degree,Single,Part-time / Internship,Less than 2.5 lakhs,Yes,Before 2013,Redmi,₹8000,Yes,Yes,2,Less than 8 Hours,25 or below,In every 5 minutes,Yes,Yes,117,Severe,Facebook,WhatsApp,YouTube,Instagram,Telegram,LinkedIn,,,,,,
250,16,Male,Bachelor's Degree,Single,Student,Less than 2.5 lakhs,Yes,2017,Samsung,"₹15,000",Yes,Yes,6,Less than 8 Hours,26 - 50,In every 30 minutes,Yes,Yes,76,Severe,WhatsApp,YouTube,Instagram,Telegram,Snapchat,Pinterest,,,,,,
251,19,Male,Bachelor's Degree,Single,Student,Less than 2.5 lakhs,Yes,2016,Realme,"₹15,000",Yes,Yes,4,Less than 8 Hours,26 - 50,In every 20 minutes,Yes,Yes,77,Severe,Facebook,WhatsApp,YouTube,Instagram,Snapchat,Telegram,,,,,,
252,23,Male,Bachelor's Degree,Single,Student,Less than 2.5 lakhs,Yes,2016,Samsung,"₹15,000",Yes,Yes,5,Less than 8 Hours,25 or below,In every 20 minutes,Yes,Yes,67,Severe,Facebook,WhatsApp,YouTube,Instagram,LinkedIn,Telegram,,,,,,
253,25,Male,Master's Degree,Single,Student,Less than 2.5 lakhs,Yes,2014,Redmi,"₹12,000",Yes,Yes,8,Less than 8 Hours,25 or below,In every 10 minutes,Yes,Yes,69,Severe,Facebook,WhatsApp,YouTube,Instagram,Telegram,LinkedIn,,,,,,
254,23,Female,Below 12th,Married,Self-employed,2.5 lakhs - 5 lakhs,Yes,After 2022,Apple,"Above ₹20,000",No,No,6,More than 10 Hours,101 or above,Other,No,No,116,Severe,WhatsApp,Instagram,,,,,,,,,,
255,19,Female,Bachelor's Degree,Single,Full-time employment,Less than 2.5 lakhs,Yes,2018,Other,"₹20,000",No,No,3,Less than 6 Hours,51 - 75,In every 30 minutes,Yes,Yes,75,Severe,WhatsApp,YouTube,Instagram,Telegram,Snapchat,,,,,,,
256,22,Female,Bachelor's Degree,Single,Full-time employment,Less than 2.5 lakhs,Yes,2018,Realme,"₹20,000",No,No,4,Less than 6 Hours,26 - 50,In every 30 minutes,Yes,Yes,29,Absence,WhatsApp,YouTube,Instagram,LinkedIn,Pinterest,,,,,,,
257,26,Male,Bachelor's Degree,Single,Student,Less than 2.5 lakhs,Yes,2016,Vivo,"₹12,000",Yes,Yes,6,Less than 8 Hours,25 or below,In every 10 minutes,Yes,Yes,108,Severe,Facebook,WhatsApp,YouTube,Instagram,LinkedIn,Telegram,,,,,,
258,20,Male,Bachelor's Degree,Single,Full-time employment,Less than 2.5 lakhs,Yes,2018,Poco,"₹20,000",Yes,Yes,6,Less than 6 Hours,26 - 50,Every Hour,Yes,Yes,78,Severe,WhatsApp,YouTube,Instagram,Telegram,Snapchat,,,,,,,
259,15,Male,Bachelor's Degree,Single,Student,Less than 2.5 lakhs,Yes,2016,Vivo,"₹12,000",Yes,Yes,6,Less than 8 Hours,25 or below,In every 20 minutes,Yes,Yes,36,Absence,Facebook,WhatsApp,YouTube,Instagram,LinkedIn,Telegram,,,,,,
260,24,Female,Bachelor's Degree,Single,Full-time employment,5 lakhs - 10 lakhs,Yes,2019,Oppo,"₹20,000",No,No,5,Less than 6 Hours,51 - 75,Every Hour,Yes,Yes,54,Absence,WhatsApp,YouTube,Instagram,Snapchat,,,,,,,,
261,19,Male,Bachelor's Degree,Single,Full-time employment,Less than 2.5 lakhs,Yes,2018,Poco,"₹20,000",Yes,Yes,3,Less than 6 Hours,26 - 50,Every Hour,Yes,Yes,51,Absence,WhatsApp,YouTube,Instagram,Telegram,Snapchat,,,,,,,
262,24,Male,Master's Degree,Single,Student,Less than 2.5 lakhs,Yes,2015,Redmi,"₹12,000",Yes,Yes,3,Less than 8 Hours,25 or below,In every 10 minutes,Yes,Yes,99,Severe,Facebook,WhatsApp,YouTube,Instagram,Telegram,LinkedIn,,,,,,
263,28,Male,Master's Degree,Single,Part-time / Internship,Less than 2.5 lakhs,Yes,Before 2013,Redmi,₹8000,Yes,Yes,1,Less than 8 Hours,25 or below,In every 5 minutes,Yes,Yes,39,Absence,Facebook,WhatsApp,YouTube,Instagram,Telegram,LinkedIn,,,,,,
264,20,Female,Below 12th,Single,Full-time employment,2.5 lakhs - 5 lakhs,Yes,2021,OnePlus,"Above ₹20,000",No,No,0,Less than 10 Hours,76 - 100,Every Hour,No,No,58,Absence,WhatsApp,YouTube,Snapchat,,,,,,,,,
265,24,Female,Below 12th,Married,Self-employed,2.5 lakhs - 5 lakhs,Yes,After 2022,Apple,"Above ₹20,000",No,No,4,More than 10 Hours,101 or above,Other,No,No,44,Absence,WhatsApp,Instagram,,,,,,,,,,
266,20,Female,Below 12th,Single,Unemployed,2.5 lakhs - 5 lakhs,Yes,2021,OnePlus,"Above ₹20,000",No,No,4,Less than 10 Hours,101 or above,Every Hour,Yes,No,61,Severe,WhatsApp,YouTube,LinkedIn,,,,,,,,,
267,25,Male,Bachelor's Degree,Single,Student,Less than 2.5 lakhs,Yes,2016,Samsung,"₹15,000",Yes,Yes,8,Less than 8 Hours,26 - 50,In every 20 minutes,Yes,Yes,40,Absence,Facebook,WhatsApp,YouTube,Instagram,Snapchat,Telegram,,,,,,
268,20,Male,Bachelor's Degree,Single,Full-time employment,Less than 2.5 lakhs,Yes,2018,Poco,"₹20,000",Yes,Yes,4,Less than 6 Hours,26 - 50,Every Hour,Yes,Yes,95,Severe,WhatsApp,YouTube,Instagram,Telegram,Snapchat,,,,,,,
269,20,Female,Below 12th,Married,Self-employed,2.5 lakhs - 5 lakhs,Yes,After 2022,Apple,"Above ₹20,000",No,No,5,More than 10 Hours,101 or above,Other,Yes,No,75,Severe,Instagram,,,,,,,,,,,
270,23,Female,Below 12th,Single,Unemployed,2.5 lakhs - 5 lakhs,Yes,2021,OnePlus,"Above ₹20,000",No,No,1,Less than 10 Hours,101 or above,Other,No,No,69,Severe,WhatsApp,,,,,,,,,,,
271,22,Female,Below 12th,Single,Unemployed,2.5 lakhs - 5 lakhs,Yes,2021,OnePlus,"Above ₹20,000",No,No,4,Less than 10 Hours,101 or above,Every Hour,Yes,No,22,Absence,WhatsApp,YouTube,LinkedIn,,,,,,,,,
272,25,Female,Below 12th,Single,Unemployed,2.5 lakhs - 5 lakhs,Yes,2021,OnePlus,"Above ₹20,000",No,No,2,Less than 10 Hours,101 or above,Every Hour,No,No,126,Severe,WhatsApp,YouTube,LinkedIn,,,,,,,,,
273,21,Female,Bachelor's Degree,Single,Full-time employment,5 lakhs - 10 lakhs,Yes,2018,Oppo,"₹20,000",No,No,6,Less than 6 Hours,51 - 75,Every Hour,Yes,Yes,98,Severe,WhatsApp,YouTube,Instagram,Snapchat,,,,,,,,
274,20,Male,Bachelor's Degree,Single,Student,Less than 2.5 lakhs,Yes,2018,Realme,"₹15,000",Yes,Yes,7,Less than 8 Hours,25 or below,In every 30 minutes,Yes,Yes,89,Severe,WhatsApp,YouTube,Instagram,Telegram,Snapchat,,,,,,,
275,22,Male,Bachelor's Degree,Single,Student,Less than 2.5 lakhs,Yes,2018,Samsung,"₹15,000",Yes,Yes,6,Less than 8 Hours,25 or below,In every 30 minutes,Yes,Yes,84,Severe,Facebook,WhatsApp,YouTube,Instagram,Snapchat,Pinterest,,,,,,
276,25,Male,Bachelor's Degree,Single,Student,Less than 2.5 lakhs,Yes,2018,Realme,"₹15,000",Yes,Yes,9,Less than 8 Hours,26 - 50,In every 30 minutes,Yes,Yes,72,Severe,WhatsApp,YouTube,Instagram,Telegram,Snapchat,,,,,,,
277,28,Male,Bachelor's Degree,Single,Student,Less than 2.5 lakhs,Yes,2016,Samsung,"₹15,000",Yes,Yes,4,Less than 8 Hours,26 - 50,In every 20 minutes,Yes,Yes,59,Absence,Facebook,WhatsApp,YouTube,Instagram,Snapchat,Telegram,,,,,,
278,23,Female,Bachelor's Degree,Single,Full-time employment,5 lakhs - 10 lakhs,Yes,2019,Other,"₹20,000",No,No,5,Less than 10 Hours,51 - 75,Every Hour,Yes,Yes,52,Absence,WhatsApp,YouTube,Instagram,Snapchat,,,,,,,,
279,26,Male,Bachelor's Degree,Single,Student,Less than 2.5 lakhs,Yes,2017,Samsung,"₹15,000",Yes,Yes,1,Less than 8 Hours,26 - 50,In every 30 minutes,Yes,Yes,76,Severe,WhatsApp,YouTube,Instagram,Telegram,Snapchat,Pinterest,,,,,,
280,25,Female,Below 12th,Married,Unemployed,2.5 lakhs - 5 lakhs,Yes,2021,Apple,"Above ₹20,000",No,No,6,Less than 10 Hours,101 or above,Other,No,No,88,Severe,WhatsApp,,,,,,,,,,,
281,15,Female,Bachelor's Degree,Single,Full-time employment,5 lakhs - 10 lakhs,Yes,2019,Other,"₹20,000",No,No,7,Less than 10 Hours,51 - 75,Every Hour,Yes,Yes,75,Severe,WhatsApp,YouTube,Instagram,Snapchat,,,,,,,,
282,24,Male,Master's Degree,Single,Part-time / Internship,Less than 2.5 lakhs,Yes,Before 2013,Redmi,"₹10,000",Yes,Yes,4,Less than 8 Hours,25 or below,In every 5 minutes,Yes,Yes,91,Severe,Facebook,WhatsApp,YouTube,Instagram,Telegram,LinkedIn,,,,,,
283,30,Male,Bachelor's Degree,Single,Student,Less than 2.5 lakhs,Yes,2018,Realme,"₹20,000",Yes,Yes,5,Less than 6 Hours,26 - 50,Every Hour,Yes,Yes,71,Severe,WhatsApp,YouTube,Instagram,Telegram,Snapchat,,,,,,,
284,20,Male,Master's Degree,Single,Student,Less than 2.5 lakhs,Yes,2019,Realme,"₹12,000",Yes,Yes,4,Less than 8 Hours,25 or below,Every Hour,Yes,Yes,78,Severe,Facebook,YouTube,Telegram,,,,,,,,,
285,19,Male,Master's Degree,Single,Student,Less than 2.5 lakhs,Yes,2014,Redmi,"₹12,000",Yes,Yes,5,Less than 8 Hours,25 or below,In every 10 minutes,Yes,Yes,94,Severe,Facebook,WhatsApp,YouTube,Instagram,Telegram,LinkedIn,,,,,,
286,25,Male,Bachelor's Degree,Single,Student,Less than 2.5 lakhs,Yes,2018,Samsung,"₹15,000",Yes,Yes,1,Less than 8 Hours,25 or below,In every 30 minutes,Yes,Yes,48,Absence,Facebook,WhatsApp,YouTube,Telegram,Snapchat,Pinterest,,,,,,
287,29,Female,Below 12th,Married,Unemployed,2.5 lakhs - 5 lakhs,Yes,After 2022,Apple,"Above ₹20,000",No,No,4,More than 10 Hours,101 or above,Other,No,No,27,Absence,YouTube,,,,,,,,,,,
288,24,Male,Master's Degree,Single,Student,Less than 2.5 lakhs,Yes,2015,Redmi,"₹12,000",Yes,Yes,1,Less than 8 Hours,25 or below,In every 10 minutes,Yes,Yes,29,Absence,Facebook,WhatsApp,YouTube,Instagram,Telegram,Quora,,,,,,
289,29,Male,Bachelor's Degree,Single,Full-time employment,Less than 2.5 lakhs,Yes,2018,Realme,"₹20,000",Yes,Yes,0,Less than 6 Hours,26 - 50,Every Hour,Yes,Yes,53,Absence,WhatsApp,YouTube,Instagram,Telegram,Snapchat,,,,,,,
290,20,Male,Bachelor's Degree,Single,Student,Less than 2.5 lakhs,Yes,2016,Samsung,"₹15,000",Yes,Yes,9,Less than 8 Hours,26 - 50,In every 20 minutes,Yes,Yes,49,Absence,Facebook,WhatsApp,YouTube,Instagram,Snapchat,Telegram,,,,,,
291,23,Male,Bachelor's Degree,Single,Student,Less than 2.5 lakhs,Yes,2017,Samsung,"₹15,000",Yes,Yes,3,Less than 8 Hours,26 - 50,In every 20 minutes,Yes,Yes,89,Severe,Facebook,WhatsApp,YouTube,Instagram,Snapchat,Telegram,,,,,,
292,20,Female,Bachelor's Degree,Single,Full-time employment,Less than 2.5 lakhs,Yes,2018,Oppo,"₹20,000",No,No,7,Less than 6 Hours,51 - 75,Every Hour,Yes,Yes,112,Severe,WhatsApp,YouTube,Instagram,Snapchat,,,,,,,,
293,21,Female,Bachelor's Degree,Single,Full-time employment,Above 10 Lakhs,Yes,2019,Other,"Above ₹20,000",No,No,5,Less than 10 Hours,76 - 100,Every Hour,Yes,Yes,55,Absence,WhatsApp,YouTube,Telegram,Snapchat,,,,,,,,
294,16,Male,Master's Degree,Single,Part-time / Internship,Less than 2.5 lakhs,Yes,Before 2013,Redmi,₹8000,Yes,Yes,12,Less than 8 Hours,25 or below,In every 5 minutes,Yes,Yes,86,Severe,Facebook,WhatsApp,YouTube,Instagram,Telegram,LinkedIn,,,,,,
295,21,Male,Bachelor's Degree,Single,Student,Less than 2.5 lakhs,Yes,2017,Poco,"₹15,000",Yes,Yes,4,Less than 8 Hours,26 - 50,In every 20 minutes,Yes,Yes,87,Severe,Facebook,WhatsApp,YouTube,Instagram,Snapchat,Telegram,,,,,,
296,15,Male,Master's Degree,Single,Part-time / Internship,Less than 2.5 lakhs,Yes,Before 2013,Redmi,₹8000,Yes,Yes,6,Less than 8 Hours,25 or below,In every 5 minutes,Yes,Yes,82,Severe,Facebook,WhatsApp,YouTube,Instagram,Telegram,LinkedIn,,,,,,
297,21,Male,Master's Degree,Single,Student,Less than 2.5 lakhs,Yes,2015,Redmi,"₹12,000",Yes,Yes,0,Less than 8 Hours,25 or below,In every 10 minutes,Yes,Yes,88,Severe,Facebook,WhatsApp,YouTube,Instagram,Telegram,Quora,,,,,,
298,29,Male,Bachelor's Degree,Single,Student,Less than 2.5 lakhs,Yes,2018,Poco,"₹20,000",Yes,Yes,4,Less than 8 Hours,26 - 50,In every 20 minutes,Yes,Yes,103,Severe,Facebook,WhatsApp,YouTube,Instagram,Snapchat,Telegram,Pinterest,,,,,
299,17,Female,Bachelor's Degree,Single,Full-time employment,Less than 2.5 lakhs,Yes,2018,Realme,"₹20,000",No,No,9,Less than 6 Hours,26 - 50,In every 30 minutes,Yes,Yes,58,Absence,WhatsApp,YouTube,Instagram,LinkedIn,Pinterest,,,,,,,
300,19,Male,Bachelor's Degree,Single,Student,Less than 2.5 lakhs,Yes,2016,Samsung,"₹15,000",Yes,Yes,8,Less than 8 Hours,26 - 50,In every 20 minutes,Yes,Yes,106,Severe,Facebook,WhatsApp,YouTube,Instagram,Snapchat,Telegram,,,,,,
301,24,Female,Below 12th,Single,Full-time employment,2.5 lakhs - 5 lakhs,Yes,2020,Xiaomi,"Above ₹20,000",No,No,6,Less than 10 Hours,76 - 100,Every Hour,Yes,No,118,Severe,WhatsApp,YouTube,Telegram,,,,,,,,,
302,26,Female,Bachelor's Degree,Single,Full-time employment,Above 10 Lakhs,Yes,2019,Other,"₹20,000",No,No,1,Less than 10 Hours,51 - 75,Every Hour,Yes,Yes,128,Severe,WhatsApp,YouTube,Telegram,Snapchat,,,,,,,,
303,22,Male,Bachelor's Degree,Single,Student,Less than 2.5 lakhs,Yes,2017,Samsung,"₹15,000",Yes,Yes,7,Less than 8 Hours,26 - 50,In every 20 minutes,Yes,Yes,88,Severe,Facebook,WhatsApp,YouTube,Telegram,Snapchat,Pinterest,,,,,,
304,30,Male,Bachelor's Degree,Single,Student,Less than 2.5 lakhs,Yes,2016,Vivo,"₹12,000",Yes,Yes,6,Less than 8 Hours,25 or below,In every 20 minutes,Yes,Yes,73,Severe,Facebook,WhatsApp,YouTube,Instagram,LinkedIn,Telegram,,,,,,
305,26,Male,Bachelor's Degree,Single,Student,Less than 2.5 lakhs,Yes,2016,Samsung,"₹15,000",Yes,Yes,1,Less than 8 Hours,26 - 50,In every 10 minutes,Yes,Yes,77,Severe,Facebook,WhatsApp,YouTube,Instagram,LinkedIn,Telegram,,,,,,
306,25,Female,Bachelor's Degree,Single,Full-time employment,Above 10 Lakhs,Yes,2019,Other,"Above ₹20,000",No,No,7,Less than 10 Hours,76 - 100,Every Hour,Yes,Yes,92,Severe,WhatsApp,YouTube,Telegram,Snapchat,,,,,,,,
307,20,Female,Bachelor's Degree,Single,Full-time employment,5 lakhs - 10 lakhs,Yes,2018,Oppo,"₹20,000",No,No,2,Less than 6 Hours,51 - 75,Every Hour,Yes,Yes,61,Severe,WhatsApp,YouTube,Instagram,Snapchat,,,,,,,,
308,26,Female,Bachelor's Degree,Single,Full-time employment,Less than 2.5 lakhs,Yes,2019,Xiaomi,"Above ₹20,000",No,No,3,Less than 6 Hours,51 - 75,In every 30 minutes,Yes,Yes,101,Severe,WhatsApp,YouTube,Instagram,Telegram,Snapchat,,,,,,,
309,25,Male,Bachelor's Degree,Single,Student,Less than 2.5 lakhs,Yes,2016,Vivo,"₹12,000",Yes,Yes,11,Less than 8 Hours,25 or below,In every 10 minutes,Yes,Yes,91,Severe,Facebook,WhatsApp,YouTube,Instagram,LinkedIn,Telegram,,,,,,
310,29,Male,Bachelor's Degree,Single,Student,Less than 2.5 lakhs,Yes,2017,Samsung,"₹15,000",Yes,Yes,0,Less than 8 Hours,25 or below,In every 20 minutes,Yes,Yes,80,Severe,Facebook,WhatsApp,YouTube,Instagram,LinkedIn,Pinterest,,,,,,
311,23,Male,Master's Degree,Single,Part-time / Internship,Less than 2.5 lakhs,Yes,Before 2013,Redmi,₹8000,Yes,Yes,0,Less than 8 Hours,25 or below,In every 5 minutes,Yes,Yes,43,Absence,Facebook,WhatsApp,YouTube,Instagram,Telegram,LinkedIn,,,,,,
312,15,Male,Bachelor's Degree,Single,Student,Less than 2.5 lakhs,Yes,2016,Realme,"₹15,000",Yes,Yes,5,Less than 8 Hours,26 - 50,In every 20 minutes,Yes,Yes,108,Severe,Facebook,WhatsApp,YouTube,Instagram,Snapchat,Telegram,,,,,,
313,15,Female,Below 12th,Married,Self-employed,2.5 lakhs - 5 lakhs,Yes,2021,Apple,"Above ₹20,000",No,No,3,More than 10 Hours,101 or above,Other,No,No,91,Severe,WhatsApp,Instagram,,,,,,,,,,
314,16,Male,Master's Degree,Single,Part-time / Internship,Less than 2.5 lakhs,Yes,2015,Redmi,"₹10,000",Yes,Yes,6,Less than 8 Hours,25 or below,In every 10 minutes,Yes,Yes,96,Severe,Facebook,WhatsApp,YouTube,Instagram,Telegram,Quora,,,,,,
315,18,Female,Bachelor's Degree,Single,Student,Less than 2.5 lakhs,Yes,2018,Realme,"₹20,000",Yes,No,3,Less than 8 Hours,26 - 50,In every 30 minutes,Yes,Yes,118,Severe,WhatsApp,YouTube,Instagram,Telegram,Snapchat,,,,,,,
316,22,Female,Bachelor's Degree,Single,Student,Less than 2.5 lakhs,Yes,2018,Oppo,"₹20,000",Yes,Yes,2,Less than 6 Hours,26 - 50,In every 20 minutes,Yes,Yes,96,Severe,Facebook,WhatsApp,YouTube,Instagram,Snapchat,Telegram,Pinterest,,,,,
317,23,Male,Bachelor's Degree,Single,Student,Less than 2.5 lakhs,Yes,2016,Samsung,"₹15,000",Yes,Yes,4,Less than 8 Hours,26 - 50,In every 10 minutes,Yes,Yes,39,Absence,Facebook,WhatsApp,YouTube,Instagram,LinkedIn,Telegram,,,,,,
318,15,Male,Bachelor's Degree,Single,Student,Less than 2.5 lakhs,Yes,2016,Vivo,"₹15,000",Yes,Yes,2,Less than 8 Hours,25 or below,In every 20 minutes,Yes,Yes,73,Severe,Facebook,WhatsApp,YouTube,Instagram,LinkedIn,Telegram,,,,,,
319,26,Male,Master's Degree,Single,Part-time / Internship,Less than 2.5 lakhs,Yes,Before 2013,Redmi,₹8000,Yes,Yes,5,Less than 8 Hours,25 or below,In every 5 minutes,Yes,Yes,98,Severe,Facebook,WhatsApp,YouTube,Instagram,Telegram,LinkedIn,,,,,,
320,17,Male,Bachelor's Degree,Single,Student,Less than 2.5 lakhs,Yes,2016,Samsung,"₹15,000",Yes,Yes,5,Less than 8 Hours,26 - 50,In every 10 minutes,Yes,Yes,127,Severe,Facebook,WhatsApp,YouTube,Instagram,LinkedIn,Telegram,,,,,,
321,24,Female,Below 12th,Married,Self-employed,2.5 lakhs - 5 lakhs,Yes,After 2022,Apple,"Above ₹20,000",No,No,5,More than 10 Hours,101 or above,Other,No,No,118,Severe,WhatsApp,Instagram,,,,,,,,,,
322,27,Female,Bachelor's Degree,Single,Full-time employment,Above 10 Lakhs,Yes,2019,Other,"Above ₹20,000",No,No,3,Less than 10 Hours,76 - 100,Every Hour,Yes,Yes,98,Severe,WhatsApp,YouTube,Telegram,Snapchat,,,,,,,,
323,19,Female,Below 12th,Single,Full-time employment,Above 10 Lakhs,Yes,2020,Xiaomi,"Above ₹20,000",No,No,4,Less than 10 Hours,51 - 75,Every Hour,Yes,Yes,107,Severe,WhatsApp,YouTube,Telegram,Snapchat,,,,,,,,
324,23,Female,Bachelor's Degree,Single,Full-time employment,Less than 2.5 lakhs,Yes,2018,Realme,"₹20,000",No,No,9,Less than 6 Hours,26 - 50,In every 30 minutes,Yes,Yes,72,Severe,WhatsApp,YouTube,Instagram,LinkedIn,Pinterest,,,,,,,
325,20,Male,Master's Degree,Single,Student,Less than 2.5 lakhs,Yes,2014,Redmi,"₹12,000",Yes,Yes,2,Less than 8 Hours,25 or below,In every 10 minutes,Yes,Yes,21,Absence,Facebook,WhatsApp,YouTube,Instagram,Telegram,LinkedIn,,,,,,
326,19,Male,Bachelor's Degree,Single,Student,Less than 2.5 lakhs,Yes,2016,Realme,"₹15,000",Yes,Yes,7,Less than 8 Hours,26 - 50,In every 10 minutes,Yes,Yes,55,Absence,Facebook,WhatsApp,YouTube,Instagram,Snapchat,Telegram,,,,,,
327,22,Male,Bachelor's Degree,Single,Student,Less than 2.5 lakhs,Yes,2017,Samsung,"₹15,000",Yes,Yes,4,Less than 8 Hours,26 - 50,In every 30 minutes,Yes,Yes,99,Severe,WhatsApp,YouTube,Instagram,Telegram,Snapchat,Pinterest,,,,,,
328,23,Female,Bachelor's Degree,Single,Student,Less than 2.5 lakhs,Yes,2018,Realme,"₹20,000",Yes,No,0,Less than 8 Hours,26 - 50,In every 30 minutes,Yes,Yes,56,Absence,WhatsApp,YouTube,Instagram,LinkedIn,Snapchat,,,,,,,
329,19,Male,Bachelor's Degree,Single,Student,Less than 2.5 lakhs,Yes,2017,Poco,"₹15,000",Yes,Yes,5,Less than 8 Hours,26 - 50,In every 20 minutes,Yes,Yes,119,Severe,Facebook,WhatsApp,YouTube,Instagram,Snapchat,Telegram,Pinterest,,,,,
330,23,Male,Bachelor's Degree,Single,Student,Less than 2.5 lakhs,Yes,2016,Vivo,"₹12,000",Yes,Yes,2,Less than 8 Hours,25 or below,In every 10 minutes,Yes,Yes,75,Severe,Facebook,WhatsApp,YouTube,Instagram,LinkedIn,Telegram,,,,,,
331,20,Female,Bachelor's Degree,Single,Full-time employment,5 lakhs - 10 lakhs,Yes,2019,Other,"₹20,000",No,No,6,Less than 10 Hours,51 - 75,Every Hour,Yes,Yes,72,Severe,WhatsApp,YouTube,Instagram,Snapchat,,,,,,,,
332,22,Female,Below 12th,Single,Full-time employment,Above 10 Lakhs,Yes,2020,Xiaomi,"Above ₹20,000",No,No,6,Less than 10 Hours,51 - 75,Every Hour,Yes,No,105,Severe,WhatsApp,YouTube,Telegram,,,,,,,,,
333,18,Female,Below 12th,Single,Full-time employment,2.5 lakhs - 5 lakhs,Yes,2021,OnePlus,"Above ₹20,000",No,No,5,Less than 10 Hours,76 - 100,Every Hour,Yes,No,64,Severe,WhatsApp,YouTube,Instagram,Snapchat,,,,,,,,
334,22,Male,Bachelor's Degree,Single,Student,Less than 2.5 lakhs,Yes,2016,Vivo,"₹15,000",Yes,Yes,4,Less than 8 Hours,25 or below,In every 20 minutes,Yes,Yes,75,Severe,Facebook,WhatsApp,YouTube,Instagram,LinkedIn,Telegram,,,,,,
335,17,Male,Master's Degree,Single,Part-time / Internship,Less than 2.5 lakhs,Yes,2014,Redmi,"₹10,000",Yes,Yes,5,Less than 8 Hours,25 or below,In every 10 minutes,Yes,Yes,54,Absence,Facebook,WhatsApp,YouTube,Instagram,Telegram,LinkedIn,,,,,,
336,24,Female,Bachelor's Degree,Single,Full-time employment,Less than 2.5 lakhs,Yes,2019,Other,"Above ₹20,000",No,Yes,2,Less than 6 Hours,26 - 50,Every Hour,Yes,Yes,44,Absence,WhatsApp,YouTube,Instagram,Snapchat,,,,,,,,
337,17,Male,Bachelor's Degree,Single,Student,Less than 2.5 lakhs,Yes,2016,Vivo,"₹12,000",Yes,Yes,8,Less than 8 Hours,25 or below,In every 10 minutes,Yes,Yes,103,Severe,Facebook,WhatsApp,YouTube,Instagram,LinkedIn,Telegram,,,,,,
338,27,Female,Below 12th,Married,Self-employed,2.5 lakhs - 5 lakhs,Yes,After 2022,Apple,"Above ₹20,000",No,No,6,More than 10 Hours,101 or above,Other,Yes,No,69,Severe,Instagram,,,,,,,,,,,
339,20,Male,Bachelor's Degree,Single,Student,Less than 2.5 lakhs,Yes,2017,Samsung,"₹15,000",Yes,Yes,6,Less than 8 Hours,26 - 50,In every 30 minutes,Yes,Yes,87,Severe,WhatsApp,YouTube,Instagram,Telegram,Snapchat,Pinterest,,,,,,
340,23,Male,Master's Degree,Single,Part-time / Internship,Less than 2.5 lakhs,Yes,Before 2013,Redmi,₹8000,Yes,Yes,1,Less than 8 Hours,25 or below,In every 5 minutes,Yes,Yes,58,Absence,Facebook,WhatsApp,YouTube,Instagram,Telegram,LinkedIn,,,,,,
341,28,Female,Below 12th,Single,Full-time employment,Above 10 Lakhs,Yes,2020,Xiaomi,"Above ₹20,000",No,No,4,Less than 10 Hours,51 - 75,Every Hour,Yes,No,81,Severe,WhatsApp,YouTube,Telegram,,,,,,,,,
342,30,Female,Below 12th,Single,Full-time employment,2.5 lakhs - 5 lakhs,Yes,2020,Xiaomi,"Above ₹20,000",No,No,4,Less than 10 Hours,76 - 100,Every Hour,Yes,No,116,Severe,WhatsApp,YouTube,Telegram,,,,,,,,,
343,28,Male,Bachelor's Degree,Single,Student,Less than 2.5 lakhs,Yes,2017,Samsung,"₹15,000",Yes,Yes,7,Less than 8 Hours,25 or below,In every 30 minutes,Yes,Yes,69,Severe,Facebook,WhatsApp,YouTube,Instagram,LinkedIn,Pinterest,,,,,,
344,21,Female,Below 12th,Married,Unemployed,2.5 lakhs - 5 lakhs,Yes,After 2022,OnePlus,"Above ₹20,000",No,No,5,More than 10 Hours,76 - 100,Other,No,No,41,Absence,WhatsApp,,,,,,,,,,,
345,16,Male,Bachelor's Degree,Single,Student,Less than 2.5 lakhs,Yes,2017,Samsung,"₹15,000",Yes,Yes,5,Less than 8 Hours,26 - 50,In every 30 minutes,Yes,Yes,73,Severe,WhatsApp,YouTube,Instagram,Telegram,Snapchat,Pinterest,,,,,,
346,26,Male,Bachelor's Degree,Single,Student,Less than 2.5 lakhs,Yes,2017,Poco,"₹15,000",Yes,Yes,3,Less than 8 Hours,26 - 50,In every 20 minutes,Yes,Yes,41,Absence,Facebook,WhatsApp,YouTube,Instagram,Snapchat,Telegram,Pinterest,,,,,
347,26,Male,Bachelor's Degree,Single,Full-time employment,Less than 2.5 lakhs,Yes,2018,Poco,"₹20,000",Yes,Yes,4,Less than 6 Hours,26 - 50,Every Hour,Yes,Yes,73,Severe,WhatsApp,YouTube,Instagram,Telegram,Snapchat,,,,,,,
348,17,Male,Master's Degree,Single,Part-time / Internship,Less than 2.5 lakhs,Yes,Before 2013,Redmi,₹8000,Yes,Yes,3,Less than 8 Hours,25 or below,In every 5 minutes,Yes,Yes,39,Absence,Facebook,WhatsApp,YouTube,Instagram,Telegram,LinkedIn,,,,,,
349,18,Male,Bachelor's Degree,Single,Student,Less than 2.5 lakhs,Yes,2016,Samsung,"₹15,000",Yes,Yes,6,Less than 8 Hours,26 - 50,In every 20 minutes,Yes,Yes,68,Severe,Facebook,WhatsApp,YouTube,Instagram,Snapchat,Telegram,,,,,,
350,23,Male,Bachelor's Degree,Single,Student,Less than 2.5 lakhs,Yes,2017,Samsung,"₹15,000",Yes,Yes,2,Less than 8 Hours,26 - 50,In every 30 minutes,Yes,Yes,129,Severe,WhatsApp,YouTube,Instagram,Telegram,Snapchat,Pinterest,,,,,,
351,25,Male,Master's Degree,Single,Part-time / Internship,Less than 2.5 lakhs,Yes,2014,Redmi,"₹10,000",Yes,Yes,3,Less than 8 Hours,25 or below,In every 10 minutes,Yes,Yes,59,Absence,Facebook,WhatsApp,YouTube,Instagram,Telegram,LinkedIn,,,,,,
352,21,Male,Master's Degree,Single,Part-time / Internship,Less than 2.5 lakhs,Yes,2014,Redmi,"₹10,000",Yes,Yes,2,Less than 8 Hours,25 or below,In every 10 minutes,Yes,Yes,89,Severe,Facebook,WhatsApp,YouTube,Instagram,Telegram,Quora,,,,,,
353,20,Male,Master's Degree,Single,Part-time / Internship,Less than 2.5 lakhs,Yes,2014,Redmi,₹8000,Yes,Yes,4,Less than 8 Hours,25 or below,In every 5 minutes,Yes,Yes,88,Severe,Facebook,WhatsApp,YouTube,Instagram,Telegram,LinkedIn,,,,,,
354,24,Male,Master's Degree,Single,Student,Less than 2.5 lakhs,Yes,2014,Redmi,"₹12,000",Yes,Yes,3,Less than 8 Hours,25 or below,In every 10 minutes,Yes,Yes,37,Absence,Facebook,WhatsApp,YouTube,Instagram,Telegram,LinkedIn,,,,,,
355,27,Male,Master's Degree,Single,Student,Less than 2.5 lakhs,Yes,2015,Redmi,"₹12,000",Yes,Yes,0,Less than 8 Hours,25 or below,In every 10 minutes,Yes,Yes,103,Severe,Facebook,WhatsApp,YouTube,Instagram,Telegram,Quora,,,,,,
356,25,Male,Bachelor's Degree,Single,Student,Less than 2.5 lakhs,Yes,2017,Samsung,"₹15,000",Yes,Yes,8,Less than 8 Hours,26 - 50,In every 30 minutes,Yes,Yes,71,Severe,Facebook,WhatsApp,YouTube,Telegram,Snapchat,Pinterest,,,,,,
357,24,Female,Below 12th,Married,Self-employed,2.5 lakhs - 5 lakhs,Yes,After 2022,Apple,"Above ₹20,000",No,No,6,More than 10 Hours,101 or above,Other,No,No,66,Severe,WhatsApp,Instagram,,,,,,,,,,
358,27,Female,Below 12th,Married,Unemployed,2.5 lakhs - 5 lakhs,Yes,2021,OnePlus,"Above ₹20,000",No,No,6,Less than 10 Hours,76 - 100,Other,No,No,55,Absence,WhatsApp,,,,,,,,,,,
359,28,Male,Master's Degree,Single,Part-time / Internship,Less than 2.5 lakhs,Yes,Before 2013,Redmi,₹8000,Yes,Yes,2,Less than 8 Hours,25 or below,In every 5 minutes,Yes,Yes,111,Severe,Facebook,WhatsApp,YouTube,Instagram,Telegram,LinkedIn,,,,,,
360,18,Male,Bachelor's Degree,Single,Student,Less than 2.5 lakhs,Yes,After 2022,Apple,"Above ₹20,000",No,No,5,Less than 10 Hours,25 or below,Other,No,No,74,Severe,,,,,,,,,,,,
361,25,Male,Master's Degree,Single,Student,Less than 2.5 lakhs,Yes,2015,Redmi,"₹12,000",Yes,Yes,8,Less than 8 Hours,25 or below,In every 10 minutes,Yes,Yes,75,Severe,Facebook,WhatsApp,YouTube,Instagram,Telegram,LinkedIn,,,,,,
362,22,Male,Bachelor's Degree,Single,Student,Less than 2.5 lakhs,Yes,2017,Samsung,"₹15,000",Yes,Yes,2,Less than 8 Hours,26 - 50,In every 20 minutes,Yes,Yes,51,Absence,Facebook,WhatsApp,YouTube,Instagram,Snapchat,Telegram,,,,,,
363,21,Male,Bachelor's Degree,Single,Student,Less than 2.5 lakhs,Yes,2018,Samsung,"₹15,000",Yes,Yes,6,Less than 8 Hours,25 or below,In every 30 minutes,Yes,Yes,60,Severe,Facebook,WhatsApp,YouTube,Instagram,Snapchat,Pinterest,,,,,,
364,19,Male,Bachelor's Degree,Single,Full-time employment,Less than 2.5 lakhs,Yes,2018,Oppo,"₹20,000",Yes,Yes,5,Less than 6 Hours,26 - 50,Every Hour,Yes,Yes,129,Severe,WhatsApp,YouTube,Instagram,LinkedIn,Snapchat,,,,,,,
365,21,Female,Below 12th,Single,Full-time employment,2.5 lakhs - 5 lakhs,Yes,2020,OnePlus,"Above ₹20,000",No,No,6,Less than 10 Hours,76 - 100,Every Hour,Yes,No,60,Severe,WhatsApp,YouTube,LinkedIn,,,,,,,,,
366,20,Male,Bachelor's Degree,Single,Student,Less than 2.5 lakhs,Yes,2016,Samsung,"₹15,000",Yes,Yes,2,Less than 8 Hours,26 - 50,In every 20 minutes,Yes,Yes,50,Absence,Facebook,WhatsApp,YouTube,Instagram,Snapchat,Telegram,,,,,,
367,23,Male,Bachelor's Degree,Single,Student,Less than 2.5 lakhs,Yes,2017,Samsung,"₹15,000",Yes,Yes,4,Less than 8 Hours,26 - 50,In every 30 minutes,Yes,Yes,63,Severe,Facebook,WhatsApp,YouTube,Telegram,Snapchat,Pinterest,,,,,,
368,16,Male,Bachelor's Degree,Single,Student,Less than 2.5 lakhs,Yes,2016,Realme,"₹15,000",Yes,Yes,6,Less than 8 Hours,26 - 50,In every 20 minutes,Yes,Yes,43,Absence,Facebook,WhatsApp,YouTube,Instagram,Snapchat,Telegram,,,,,,
369,21,Female,Bachelor's Degree,Single,Full-time employment,2.5 lakhs - 5 lakhs,Yes,2021,OnePlus,"Above ₹20,000",No,No,4,Less than 10 Hours,76 - 100,Every Hour,Yes,No,87,Severe,WhatsApp,YouTube,Instagram,Snapchat,,,,,,,,
370,22,Female,Bachelor's Degree,Single,Student,Less than 2.5 lakhs,Yes,2018,Realme,"₹20,000",Yes,No,10,Less than 8 Hours,26 - 50,In every 30 minutes,Yes,Yes,69,Severe,WhatsApp,YouTube,Instagram,Telegram,Snapchat,,,,,,,
371,19,Female,Below 12th,Single,Unemployed,2.5 lakhs - 5 lakhs,Yes,2021,OnePlus,"Above ₹20,000",No,No,1,Less than 10 Hours,101 or above,Other,No,No,84,Severe,WhatsApp,,,,,,,,,,,
372,22,Female,Below 12th,Married,Unemployed,2.5 lakhs - 5 lakhs,Yes,After 2022,Apple,"Above ₹20,000",No,No,7,More than 10 Hours,101 or above,Other,No,No,100,Severe,Instagram,,,,,,,,,,,
373,24,Female,Bachelor's Degree,Single,Student,Less than 2.5 lakhs,Yes,2018,Poco,"₹20,000",Yes,Yes,6,Less than 8 Hours,26 - 50,In every 20 minutes,Yes,Yes,66,Severe,Facebook,WhatsApp,YouTube,Instagram,Snapchat,Telegram,Pinterest,,,,,
374,20,Male,Bachelor's Degree,Single,Student,Less than 2.5 lakhs,Yes,2018,Realme,"₹20,000",Yes,Yes,8,Less than 8 Hours,26 - 50,In every 30 minutes,Yes,Yes,99,Severe,WhatsApp,YouTube,Instagram,Telegram,Snapchat,,,,,,,
375,27,Female,Below 12th,Single,Full-time employment,2.5 lakhs - 5 lakhs,Yes,2020,OnePlus,"Above ₹20,000",No,No,3,Less than 10 Hours,76 - 100,Every Hour,Yes,No,56,Absence,WhatsApp,YouTube,Telegram,,,,,,,,,
376,19,Female,Bachelor's Degree,Single,Full-time employment,Less than 2.5 lakhs,Yes,2018,Other,"₹20,000",No,No,6,Less than 6 Hours,51 - 75,In every 30 minutes,Yes,Yes,47,Absence,WhatsApp,YouTube,Instagram,Telegram,Snapchat,,,,,,,
377,24,Female,Bachelor's Degree,Single,Full-time employment,5 lakhs - 10 lakhs,Yes,2020,Xiaomi,"Above ₹20,000",No,No,1,Less than 6 Hours,51 - 75,Every Hour,Yes,No,122,Severe,WhatsApp,YouTube,Instagram,Snapchat,,,,,,,,
378,29,Female,Bachelor's Degree,Single,Full-time employment,Less than 2.5 lakhs,Yes,2019,Other,"Above ₹20,000",No,Yes,4,Less than 6 Hours,26 - 50,Every Hour,Yes,Yes,98,Severe,WhatsApp,YouTube,Instagram,Snapchat,,,,,,,,
379,26,Male,Bachelor's Degree,Single,Student,Less than 2.5 lakhs,Yes,2016,Samsung,"₹15,000",Yes,Yes,6,Less than 8 Hours,26 - 50,In every 20 minutes,Yes,Yes,74,Severe,Facebook,WhatsApp,YouTube,Instagram,Snapchat,Telegram,,,,,,
380,24,Male,Bachelor's Degree,Single,Student,Less than 2.5 lakhs,Yes,2016,Samsung,"₹15,000",Yes,Yes,0,Less than 8 Hours,25 or below,In every 20 minutes,Yes,Yes,120,Severe,Facebook,WhatsApp,YouTube,Instagram,LinkedIn,Telegram,,,,,,
381,21,Female,Bachelor's Degree,Single,Full-time employment,Less than 2.5 lakhs,Yes,2019,Xiaomi,"Above ₹20,000",No,No,7,Less than 6 Hours,51 - 75,In every 30 minutes,Yes,Yes,108,Severe,WhatsApp,YouTube,Instagram,Telegram,Snapchat,,,,,,,
382,17,Male,Master's Degree,Single,Part-time / Internship,Less than 2.5 lakhs,Yes,Before 2013,Redmi,"₹10,000",Yes,Yes,8,Less than 8 Hours,25 or below,In every 5 minutes,Yes,Yes,37,Absence,Facebook,WhatsApp,YouTube,Instagram,Telegram,LinkedIn,,,,,,
383,16,Male,Master's Degree,Single,Part-time / Internship,Less than 2.5 lakhs,Yes,Before 2013,Redmi,₹8000,Yes,Yes,2,Less than 8 Hours,25 or below,In every 5 minutes,Yes,Yes,80,Severe,Facebook,WhatsApp,YouTube,Instagram,Telegram,LinkedIn,,,,,,
384,20,Male,Bachelor's Degree,Single,Student,Less than 2.5 lakhs,Yes,2016,Vivo,"₹12,000",Yes,Yes,3,Less than 8 Hours,25 or below,In every 10 minutes,Yes,Yes,80,Severe,Facebook,WhatsApp,YouTube,Instagram,LinkedIn,Telegram,,,,,,
385,18,Female,Bachelor's Degree,Single,Full-time employment,Less than 2.5 lakhs,Yes,2018,Realme,"₹20,000",No,No,7,Less than 6 Hours,26 - 50,In every 30 minutes,Yes,Yes,107,Severe,WhatsApp,YouTube,Instagram,LinkedIn,Pinterest,,,,,,,
386,22,Male,Bachelor's Degree,Single,Student,Less than 2.5 lakhs,Yes,After 2022,Apple,"Above ₹20,000",No,No,3,Less than 10 Hours,25 or below,Other,No,No,39,Absence,,,,,,,,,,,,
387,20,Female,Bachelor's Degree,Single,Student,Less than 2.5 lakhs,Yes,2018,Realme,"₹20,000",Yes,No,5,Less than 8 Hours,26 - 50,In every 30 minutes,Yes,Yes,97,Severe,WhatsApp,YouTube,Instagram,Telegram,Snapchat,,,,,,,
388,22,Male,Bachelor's Degree,Single,Student,Less than 2.5 lakhs,Yes,2018,Realme,"₹15,000",Yes,Yes,5,Less than 8 Hours,26 - 50,In every 30 minutes,Yes,Yes,70,Severe,WhatsApp,YouTube,Instagram,Telegram,Snapchat,,,,,,,
389,27,Male,Bachelor's Degree,Single,Full-time employment,Less than 2.5 lakhs,Yes,2018,Realme,"₹20,000",Yes,Yes,3,Less than 6 Hours,26 - 50,Every Hour,Yes,Yes,92,Severe,WhatsApp,YouTube,Instagram,Telegram,Snapchat,,,,,,,
390,22,Female,Below 12th,Married,Unemployed,2.5 lakhs - 5 lakhs,Yes,2021,Apple,"Above ₹20,000",No,No,7,Less than 10 Hours,101 or above,Other,No,No,98,Severe,WhatsApp,,,,,,,,,,,
391,20,Male,Bachelor's Degree,Single,Student,Less than 2.5 lakhs,Yes,2016,Samsung,"₹15,000",Yes,Yes,4,Less than 8 Hours,25 or below,In every 20 minutes,Yes,Yes,30,Absence,Facebook,WhatsApp,YouTube,Instagram,LinkedIn,Telegram,,,,,,
392,19,Female,Below 12th,Single,Unemployed,2.5 lakhs - 5 lakhs,Yes,2021,OnePlus,"Above ₹20,000",No,No,8,Less than 10 Hours,101 or above,Every Hour,No,No,96,Severe,WhatsApp,YouTube,LinkedIn,,,,,,,,,
393,23,Male,Master's Degree,Single,Part-time / Internship,Less than 2.5 lakhs,Yes,Before 2013,Redmi,₹8000,Yes,Yes,1,Less than 8 Hours,25 or below,In every 5 minutes,Yes,Yes,31,Absence,Facebook,WhatsApp,YouTube,Instagram,Telegram,LinkedIn,,,,,,
394,23,Female,Bachelor's Degree,Single,Full-time employment,5 lakhs - 10 lakhs,Yes,2018,Oppo,"₹20,000",No,No,7,Less than 6 Hours,51 - 75,Every Hour,Yes,Yes,65,Severe,WhatsApp,YouTube,Instagram,Snapchat,,,,,,,,
395,16,Male,Master's Degree,Single,Part-time / Internship,Less than 2.5 lakhs,Yes,2014,Redmi,₹8000,Yes,Yes,1,Less than 8 Hours,25 or below,In every 10 minutes,Yes,Yes,62,Severe,Facebook,WhatsApp,YouTube,Instagram,Telegram,LinkedIn,,,,,,
396,30,Female,Bachelor's Degree,Single,Full-time employment,Above 10 Lakhs,Yes,2019,Other,"₹20,000",No,No,3,Less than 10 Hours,51 - 75,Every Hour,Yes,Yes,72,Severe,WhatsApp,YouTube,Telegram,Snapchat,,,,,,,,
397,16,Male,Bachelor's Degree,Single,Student,Less than 2.5 lakhs,Yes,2016,Samsung,"₹15,000",Yes,Yes,5,Less than 8 Hours,25 or below,In every 20 minutes,Yes,Yes,79,Severe,Facebook,WhatsApp,YouTube,Instagram,LinkedIn,Telegram,,,,,,
398,25,Male,Bachelor's Degree,Single,Student,Less than 2.5 lakhs,Yes,2016,Realme,"₹15,000",Yes,Yes,10,Less than 8 Hours,26 - 50,In every 10 minutes,Yes,Yes,91,Severe,Facebook,WhatsApp,YouTube,Instagram,Snapchat,Telegram,,,,,,
399,25,Male,Master's Degree,Single,Part-time / Internship,Less than 2.5 lakhs,Yes,Before 2013,Redmi,₹8000,Yes,Yes,3,Less than 8 Hours,25 or below,In every 5 minutes,Yes,Yes,79,Severe,Facebook,WhatsApp,YouTube,Instagram,Telegram,LinkedIn,,,,,,
400,15,Female,Below 12th,Single,Full-time employment,Above 10 Lakhs,Yes,2020,Xiaomi,"Above ₹20,000",No,No,1,Less than 10 Hours,51 - 75,Every Hour,Yes,Yes,105,Severe,WhatsApp,YouTube,Telegram,,,,,,,,,
401,22,Female,Below 12th,Single,Full-time employment,2.5 lakhs - 5 lakhs,Yes,2021,OnePlus,"Above ₹20,000",No,No,4,Less than 10 Hours,76 - 100,Every Hour,Yes,No,132,Severe,WhatsApp,YouTube,Instagram,Snapchat,,,,,,,,
402,23,Male,Bachelor's Degree,Single,Student,Less than 2.5 lakhs,Yes,2017,Samsung,"₹15,000",Yes,Yes,2,Less than 8 Hours,25 or below,In every 20 minutes,Yes,Yes,119,Severe,Facebook,WhatsApp,YouTube,Instagram,LinkedIn,Telegram,,,,,,
403,24,Male,Bachelor's Degree,Single,Student,Less than 2.5 lakhs,Yes,2018,Realme,"₹15,000",Yes,Yes,4,Less than 6 Hours,26 - 50,Every Hour,Yes,Yes,47,Absence,WhatsApp,YouTube,Instagram,Telegram,Snapchat,,,,,,,
404,16,Male,Bachelor's Degree,Single,Student,Less than 2.5 lakhs,Yes,2017,Samsung,"₹15,000",Yes,Yes,3,Less than 8 Hours,25 or below,In every 30 minutes,Yes,Yes,123,Severe,Facebook,WhatsApp,YouTube,Instagram,LinkedIn,Pinterest,,,,,,
405,22,Male,Bachelor's Degree,Single,Student,Less than 2.5 lakhs,Yes,2017,Samsung,"₹15,000",Yes,Yes,8,Less than 8 Hours,26 - 50,In every 30 minutes,Yes,Yes,45,Absence,WhatsApp,YouTube,Instagram,Telegram,Snapchat,Pinterest,,,,,,
406,21,Male,Bachelor's Degree,Single,Student,Less than 2.5 lakhs,Yes,2017,Poco,"₹15,000",Yes,Yes,5,Less than 8 Hours,26 - 50,In every 20 minutes,Yes,Yes,48,Absence,Facebook,WhatsApp,YouTube,Instagram,Snapchat,Telegram,Pinterest,,,,,
407,19,Male,Bachelor's Degree,Single,Student,Less than 2.5 lakhs,Yes,2017,Samsung,"₹15,000",Yes,Yes,5,Less than 8 Hours,26 - 50,In every 30 minutes,Yes,Yes,34,Absence,Facebook,WhatsApp,YouTube,Telegram,Snapchat,Pinterest,,,,,,
408,18,Male,Bachelor's Degree,Single,Student,Less than 2.5 lakhs,Yes,2016,Samsung,"₹15,000",Yes,Yes,8,Less than 8 Hours,25 or below,In every 20 minutes,Yes,Yes,90,Severe,Facebook,WhatsApp,YouTube,Instagram,LinkedIn,Telegram,,,,,,
409,27,Female,Bachelor's Degree,Single,Full-time employment,Less than 2.5 lakhs,Yes,2018,Realme,"₹20,000",No,No,11,Less than 6 Hours,26 - 50,In every 30 minutes,Yes,Yes,115,Severe,WhatsApp,YouTube,Instagram,LinkedIn,Pinterest,,,,,,,
410,15,Male,Bachelor's Degree,Single,Student,Less than 2.5 lakhs,Yes,2017,Samsung,"₹15,000",Yes,Yes,2,Less than 8 Hours,26 - 50,In every 20 minutes,Yes,Yes,84,Severe,Facebook,WhatsApp,YouTube,Instagram,Snapchat,Telegram,,,,,,
411,24,Female,Below 12th,Married,Unemployed,2.5 lakhs - 5 lakhs,Yes,After 2022,Apple,"Above ₹20,000",No,No,2,More than 10 Hours,76 - 100,Other,No,No,86,Severe,WhatsApp,,,,,,,,,,,
412,15,Female,Bachelor's Degree,Single,Full-time employment,Less than 2.5 lakhs,Yes,2019,Other,"₹20,000",No,No,2,Less than 6 Hours,51 - 75,In every 30 minutes,Yes,Yes,87,Severe,WhatsApp,YouTube,Instagram,Telegram,Snapchat,,,,,,,
413,23,Male,Bachelor's Degree,Single,Student,Less than 2.5 lakhs,Yes,2018,Realme,"₹15,000",Yes,Yes,5,Less than 8 Hours,25 or below,In every 30 minutes,Yes,Yes,74,Severe,Facebook,YouTube,Instagram,Telegram,Snapchat,,,,,,,
414,25,Male,Bachelor's Degree,Single,Student,Less than 2.5 lakhs,Yes,2017,Samsung,"₹15,000",Yes,Yes,1,Less than 8 Hours,26 - 50,In every 30 minutes,Yes,Yes,76,Severe,WhatsApp,YouTube,Instagram,Telegram,Snapchat,Pinterest,,,,,,
415,20,Male,Bachelor's Degree,Single,Student,Less than 2.5 lakhs,Yes,2016,Vivo,"₹12,000",Yes,Yes,4,Less than 8 Hours,25 or below,In every 10 minutes,Yes,Yes,88,Severe,Facebook,WhatsApp,YouTube,Instagram,LinkedIn,Telegram,,,,,,
416,24,Male,Master's Degree,Single,Part-time / Internship,Less than 2.5 lakhs,Yes,2014,Redmi,"₹12,000",Yes,Yes,4,Less than 8 Hours,25 or below,In every 10 minutes,Yes,Yes,28,Absence,Facebook,WhatsApp,YouTube,Instagram,Telegram,LinkedIn,,,,,,
417,25,Male,Bachelor's Degree,Single,Student,Less than 2.5 lakhs,Yes,2017,Samsung,"₹15,000",Yes,Yes,9,Less than 8 Hours,25 or below,In every 20 minutes,Yes,Yes,123,Severe,Facebook,WhatsApp,YouTube,Instagram,LinkedIn,Telegram,,,,,,
418,22,Male,Bachelor's Degree,Single,Student,Less than 2.5 lakhs,Yes,2018,Realme,"₹15,000",Yes,Yes,4,Less than 8 Hours,26 - 50,In every 30 minutes,Yes,Yes,76,Severe,WhatsApp,YouTube,Instagram,Telegram,Snapchat,,,,,,,
419,23,Female,Below 12th,Single,Full-time employment,Above 10 Lakhs,Yes,2020,Xiaomi,"Above ₹20,000",No,No,7,Less than 10 Hours,51 - 75,Every Hour,Yes,Yes,59,Absence,WhatsApp,YouTube,Telegram,,,,,,,,,
420,18,Female,Below 12th,Married,Self-employed,2.5 lakhs - 5 lakhs,Yes,After 2022,Apple,"Above ₹20,000",No,No,5,More than 10 Hours,101 or above,Other,No,No,34,Absence,WhatsApp,Instagram,,,,,,,,,,
421,22,Male,Master's Degree,Single,Student,Less than 2.5 lakhs,Yes,2015,Redmi,"₹12,000",Yes,Yes,2,Less than 8 Hours,25 or below,In every 10 minutes,Yes,Yes,109,Severe,Facebook,WhatsApp,YouTube,Instagram,Telegram,Quora,,,,,,
422,27,Male,Bachelor's Degree,Single,Student,Less than 2.5 lakhs,Yes,2018,Realme,"₹15,000",Yes,Yes,3,Less than 8 Hours,26 - 50,In every 30 minutes,Yes,Yes,72,Severe,WhatsApp,YouTube,Instagram,Telegram,Snapchat,,,,,,,
423,19,Male,Master's Degree,Single,Part-time / Internship,Less than 2.5 lakhs,Yes,Before 2013,Redmi,₹8000,Yes,Yes,0,Less than 8 Hours,25 or below,In every 5 minutes,Yes,Yes,84,Severe,Facebook,WhatsApp,YouTube,Instagram,Telegram,LinkedIn,,,,,,
424,22,Male,Master's Degree,Single,Part-time / Internship,Less than 2.5 lakhs,Yes,Before 2013,Redmi,₹8000,Yes,Yes,0,Less than 8 Hours,25 or below,In every 5 minutes,Yes,Yes,31,Absence,Facebook,WhatsApp,YouTube,Instagram,Telegram,LinkedIn,,,,,,
425,24,Female,Bachelor's Degree,Single,Full-time employment,Above 10 Lakhs,Yes,2019,Other,"Above ₹20,000",No,No,4,Less than 10 Hours,76 - 100,Every Hour,Yes,Yes,97,Severe,WhatsApp,YouTube,Telegram,Snapchat,,,,,,,,
426,26,Female,Below 12th,Single,Full-time employment,2.5 lakhs - 5 lakhs,Yes,2021,Xiaomi,"Above ₹20,000",No,No,4,Less than 10 Hours,51 - 75,Every Hour,Yes,No,81,Severe,WhatsApp,YouTube,Telegram,,,,,,,,,
427,27,Male,Bachelor's Degree,Single,Student,Less than 2.5 lakhs,Yes,2018,Realme,"₹15,000",Yes,Yes,6,Less than 8 Hours,25 or below,In every 30 minutes,Yes,Yes,69,Severe,WhatsApp,YouTube,Instagram,Telegram,Snapchat,,,,,,,
428,21,Male,Master's Degree,Single,Student,Less than 2.5 lakhs,Yes,2014,Redmi,"₹12,000",Yes,Yes,1,Less than 8 Hours,25 or below,In every 10 minutes,Yes,Yes,101,Severe,Facebook,WhatsApp,YouTube,Instagram,Telegram,LinkedIn,,,,,,
429,26,Male,Bachelor's Degree,Single,Student,Less than 2.5 lakhs,Yes,2016,Vivo,"₹12,000",Yes,Yes,1,Less than 8 Hours,25 or below,In every 10 minutes,Yes,Yes,85,Severe,Facebook,WhatsApp,YouTube,Instagram,LinkedIn,Telegram,,,,,,
430,26,Female,Bachelor's Degree,Single,Full-time employment,5 lakhs - 10 lakhs,Yes,2019,Oppo,"₹20,000",No,No,7,Less than 10 Hours,51 - 75,Every Hour,Yes,Yes,83,Severe,WhatsApp,YouTube,Instagram,Snapchat,,,,,,,,
431,23,Male,Master's Degree,Single,Student,Less than 2.5 lakhs,Yes,Before 2013,Vivo,₹8000,Yes,Yes,9,Less than 8 Hours,25 or below,In every 5 minutes,Yes,Yes,55,Absence,Facebook,WhatsApp,YouTube,Instagram,Telegram,LinkedIn,,,,,,
432,23,Male,Master's Degree,Single,Part-time / Internship,Less than 2.5 lakhs,Yes,Before 2013,Redmi,₹8000,Yes,Yes,4,Less than 8 Hours,25 or below,In every 5 minutes,Yes,Yes,21,Absence,Facebook,WhatsApp,YouTube,Instagram,Telegram,LinkedIn,,,,,,
433,18,Male,Bachelor's Degree,Single,Student,Less than 2.5 lakhs,Yes,2017,Samsung,"₹15,000",Yes,Yes,1,Less than 8 Hours,25 or below,In every 20 minutes,Yes,Yes,32,Absence,Facebook,WhatsApp,YouTube,Instagram,LinkedIn,Telegram,,,,,,
434,20,Female,Bachelor's Degree,Single,Full-time employment,Less than 2.5 lakhs,Yes,2018,Oppo,"₹20,000",No,No,6,Less than 6 Hours,51 - 75,Every Hour,Yes,Yes,56,Absence,WhatsApp,YouTube,Instagram,Snapchat,,,,,,,,
435,23,Male,Bachelor's Degree,Single,Student,Less than 2.5 lakhs,Yes,2017,Samsung,"₹15,000",Yes,Yes,5,Less than 8 Hours,25 or below,In every 20 minutes,Yes,Yes,135,Severe,Facebook,WhatsApp,YouTube,Instagram,LinkedIn,Telegram,,,,,,
436,27,Male,Master's Degree,Single,Part-time / Internship,Less than 2.5 lakhs,Yes,Before 2013,Redmi,"₹10,000",Yes,Yes,3,Less than 8 Hours,25 or below,In every 5 minutes,Yes,Yes,82,Severe,Facebook,WhatsApp,YouTube,Instagram,Telegram,LinkedIn,,,,,,
437,15,Female,Below 12th,Single,Full-time employment,Above 10 Lakhs,Yes,2020,Xiaomi,"Above ₹20,000",No,No,3,Less than 10 Hours,51 - 75,Every Hour,Yes,Yes,51,Absence,WhatsApp,YouTube,Telegram,Snapchat,,,,,,,,
438,22,Male,Master's Degree,Single,Part-time / Internship,Less than 2.5 lakhs,Yes,Before 2013,Redmi,₹8000,Yes,Yes,5,Less than 8 Hours,25 or below,In every 5 minutes,Yes,Yes,70,Severe,Facebook,WhatsApp,YouTube,Instagram,Telegram,LinkedIn,,,,,,
439,24,Male,Bachelor's Degree,Single,Student,Less than 2.5 lakhs,Yes,2018,Realme,"₹15,000",Yes,Yes,4,Less than 8 Hours,26 - 50,In every 30 minutes,Yes,Yes,48,Absence,WhatsApp,YouTube,Instagram,Telegram,Snapchat,,,,,,,
